mjd,inst,flux_crab,flux_err,hr,hr_err
50153.5,asm,0.038400001525878906,0.0190666659673055,0.6521738980202534,0.7860266129357114
50166.5,asm,0.012085728868301554,0.005724393492076042,0.192776677196383,0.4345529440870463
50177.5,asm,0.03738339899708198,0.013625533732110189,1.1212750999192995,1.2518498947979229
50198.5,asm,0.05039625552052237,0.008335765021266702,0.37474897598601337,0.22228518909787295
50199.5,asm,0.3596966900141723,0.017643719282947203,0.22538601015612109,0.04188818105337958
50200.5,asm,0.6939260917291535,0.013305146473562943,0.32987236896677524,0.020713330257660697
50201.5,asm,0.8776589691421992,0.007064282112910708,0.3905988388107325,0.00989669115074489
50202.5,asm,1.0525213708166494,0.015617150677418064,0.40413278629667276,0.018132795491484416
50203.5,asm,1.1980643362110843,0.02202590679394311,0.43676044647897616,0.02248779342228155
50204.5,asm,1.0724638213389024,0.008603982475307111,0.5069393160424729,0.010998162461347992
50205.5,asm,1.3212947708470042,0.014173364173698477,0.5366635168051994,0.014404324966333575
50206.5,asm,1.3649133312016144,0.0115001430714661,0.5693753610106417,0.011937998379736067
50207.5,asm,1.3910152902064747,0.012991871528294056,0.5483773510124461,0.013077495906027178
50208.5,asm,1.5559074038950176,0.0133199676842138,0.5848212475996978,0.011966442302693921
50209.5,asm,1.6331310525249503,0.018125481611395874,0.6374314586806964,0.01670791237290192
50210.5,asm,1.7690936266301764,0.013679403890054342,0.7323166400793603,0.012903103267807966
50211.5,asm,1.7259571435744336,0.014472790343726984,0.5623732075110626,0.011964181795160438
50212.5,asm,1.7530186084991928,0.017144195490040495,0.5748509645275416,0.014120672013801709
50213.5,asm,1.7728326514635497,0.01484543462118583,0.614720606898612,0.01233568114768008
50214.5,asm,1.75707505593577,0.013637526179936833,0.6577838590213092,0.0120040615822834
50215.5,asm,1.7366238037627613,0.018247523510970465,0.6058154474559754,0.015465605809273943
50216.5,asm,1.7536662633925877,0.01782638922342524,0.5871302346326148,0.014236333283676145
50217.5,asm,1.638997704327142,0.014397621766525618,0.5615911587512825,0.01242995910339472
50218.5,asm,1.7335685107487018,0.010523475152009628,0.6092022651043819,0.008889829777459082
50219.5,asm,1.244773308674874,0.010407282366969525,0.6098617520873203,0.012263442838369849
50220.5,asm,1.0903140095701105,0.013052266385543175,0.5343834953955863,0.015502835556680576
50221.5,asm,1.608140705946188,0.01084652300700798,0.6215763187582022,0.009970018934317398
50222.5,asm,0.5342308883424249,0.007985040361582442,1.0027303949874034,0.03494533483621921
50223.5,asm,1.5056774342361257,0.010536193312883949,0.6355780535117145,0.01095505499951991
50224.5,asm,1.5703405354184157,0.008841724850275831,0.6000966180924003,0.008188952573550371
50225.5,asm,0.830396496859989,0.012313773488014448,0.8009893402115994,0.028330270389329497
50226.5,asm,1.6472183486978735,0.015047562839780466,0.7784604427282331,0.016644945229656434
50227.5,asm,1.661618595021471,0.015085367978471289,0.6768208369903059,0.01418402304722382
50228.5,asm,0.815421635169458,0.007235390105893477,0.8812428145256086,0.018239285993080858
50229.5,asm,1.8704460052648122,0.010665114935571656,0.6607963886577484,0.009146700239353647
50230.5,asm,1.8412210613626308,0.011651063477426789,0.6814937623465156,0.010079790664242914
50231.5,asm,1.9493550502687875,0.011277833743378464,0.7361024042641393,0.009709580519387188
50232.5,asm,2.1977178156016843,0.01120714785049364,0.7725703801969881,0.00886049341433401
50233.5,asm,2.4210509637418487,0.014022708807056947,0.7932795249365402,0.010292704326779907
50234.5,asm,1.9651544444246858,0.008628328424396056,0.7014646049237245,0.007168530524823463
50235.5,asm,2.14177265861847,0.013252650914538944,0.6892132596467968,0.010017901027139143
50236.5,asm,2.181239746161668,0.015890627357466727,0.7285085737291168,0.012386737609226357
50237.5,asm,2.1558407885001363,0.009031990905038725,0.7647169913053714,0.007287115110452779
50238.5,asm,2.30115658907218,0.012338415110817465,0.8102861881739745,0.009535407233511024
50239.5,asm,2.2899558698857216,0.015155115890735218,0.8688760061179199,0.012806127381393622
50240.5,asm,2.0565909845405215,0.010771401881695092,0.7159727941171001,0.008919029333242208
50241.5,asm,1.765578967368945,0.011781160429439436,0.7536974767966683,0.011516405224805393
50242.5,asm,1.8766826999537045,0.0120375757261847,0.7669212941313894,0.011344320927436253
50243.5,asm,2.016356260354698,0.010973742034982326,0.7530271330656967,0.009211180495211878
50244.5,asm,2.0243774795343588,0.008943433252381445,0.8117758013286439,0.00786287792279486
50245.5,asm,2.217812787229694,0.01573878231806104,0.8367760177508156,0.013204073264420331
50246.5,asm,2.05116485181089,0.02541344729209726,0.7718338631667038,0.02198870629084995
50247.5,asm,1.8336516906386926,0.033286085290758306,0.735416171691442,0.031279125803451255
50248.5,asm,1.8351741054298618,0.02445085743536291,0.8366511924406276,0.025373309581386814
50249.5,asm,2.3813935979792573,0.03880982483712946,0.8761527568892167,0.03181485624939604
50250.5,asm,2.5524871147946686,0.023138798860894094,0.8439114839081302,0.016001989623268927
50251.5,asm,1.9841945597820738,0.011353240286689426,0.8452095420294633,0.010771409088008096
50252.5,asm,2.1266049141173333,0.016172089004115476,0.8732576429342513,0.01473952239661685
50253.5,asm,2.416455232798432,0.024647961123485163,0.8544932068055674,0.01893103405496401
50254.5,asm,1.4335637410754016,0.02108636483989708,1.0781262299076395,0.03361640558928856
50255.5,asm,2.8403953540722484,0.01670800156385577,0.8148235821865537,0.010188641906644659
50256.5,asm,2.672381884909991,0.02383735375221396,0.907385174979075,0.01766543273954467
50257.5,asm,2.4305711268622563,0.013366923935751276,0.73366036129405,0.009038374317026808
50258.5,asm,2.6395206823069457,0.017790745808938767,0.6881710984767396,0.010813940090576952
50259.5,asm,2.300280496086153,0.02208247718614576,0.8196507637610542,0.017489333523612736
50260.5,asm,2.341400966307633,0.016228545670835776,0.7530297882613156,0.011518700389390901
50261.5,asm,2.5727309736574426,0.025543762374590894,0.7853485773767627,0.016837852987140096
50262.5,asm,2.7477914665967416,0.013276800044349552,0.8047184687773248,0.008305446857871629
50264.5,asm,2.3870076255324357,0.012900079211615874,0.779013574911854,0.009118451737587728
50265.5,asm,2.590781822246945,0.00869789834673199,0.8056693909282742,0.005748780519627638
50266.5,asm,2.676618851515192,0.010426444857264013,0.7916033937957865,0.00639789423202122
50267.5,asm,2.6144417921236722,0.011287018105387037,0.781007784847955,0.007067462358839342
50268.5,asm,2.2761393352996766,0.009243391249814945,0.7730110767308215,0.006677642795350492
50269.5,asm,2.5383481660513167,0.009083094355369423,0.8231963810794586,0.006229654043045381
50270.5,asm,2.8483176030466173,0.01137978063666967,0.9184565730267141,0.007631583676814123
50271.5,asm,2.661714904322741,0.013433762421125837,0.8551862321429349,0.00919927653070893
50272.5,asm,2.6247320524075253,0.008906977274153186,0.8273548684147857,0.0059845742192911715
50273.5,asm,2.685317384260062,0.01343084453612812,0.8464043680523897,0.008978189299723917
50274.5,asm,2.4374842601012903,0.01023833979685646,0.8031359862423054,0.0072161237274332365
50275.5,asm,2.3606473973687865,0.016751094353619784,0.7485309321188619,0.011680718476916471
50276.5,asm,2.3614006036833253,0.015201046265275337,0.7752929161283849,0.011246366695826819
50277.5,asm,2.299935201377801,0.020223380961186324,0.6946831877483185,0.014154500397898196
50278.5,asm,2.8503837393415234,0.01133187917286437,0.9238005827905389,0.0077177223597911975
50279.5,asm,3.1410389809018486,0.015137674325428015,0.9797216698716996,0.0102073840601769
50280.5,asm,2.8856525075526616,0.011591346000794145,1.0267566943162054,0.008745416668644451
50281.5,asm,2.7668244811237845,0.011602250931769982,0.9895049690742456,0.008851759771850407
50282.5,asm,2.8114230941207907,0.01163420621672156,0.9811818272225927,0.008569969349724508
50283.5,asm,2.4768122577526466,0.013244752171007306,0.7703548641041619,0.009405885572105024
50284.5,asm,3.179546505804281,0.022143052928973526,0.9872586077297936,0.014272657755552249
50285.5,asm,2.4009474724902775,0.015706731331153165,0.7267856546073563,0.010570498294498023
50286.5,asm,2.393316203392605,0.010221927171077503,0.7981210939291123,0.007339424688988014
50287.5,asm,2.4900907084059076,0.01965898951372508,0.7644779576330647,0.013767882807283005
50288.5,asm,2.5808046358482573,0.017638607633116758,0.8296795241407628,0.012160977399729142
50289.5,asm,2.1690964744401695,0.015179453642595618,0.6797029684848443,0.010668297351281487
50290.5,asm,2.1914227118562715,0.010326764914658405,0.6454389538134437,0.007127229322746908
50291.5,asm,2.334472229824513,0.011113361424968897,0.742873054009478,0.008086413881496455
50292.5,asm,2.600986591955766,0.01468006302052384,0.7546742294989874,0.009494921765541302
50293.5,asm,2.3641851310867725,0.010668447238964818,0.7195687424711961,0.007281903513192474
50294.5,asm,2.714966458063068,0.013276326232559947,0.7567759841665861,0.008256539835144136
50295.5,asm,2.9261669533074253,0.013700869033292096,0.9548807828649509,0.009639188285739635
50296.5,asm,2.9423824657966056,0.012818552842110897,1.0303822329650094,0.009426139327380898
50297.5,asm,2.8221434454367422,0.014898892493947201,0.9494558160884797,0.010361672764746322
50298.5,asm,2.3937943196313873,0.011421433965147401,0.7298851546772326,0.007656460251044957
50299.5,asm,2.939015536962112,0.019321039735229844,0.9534351708926949,0.013114013103309537
50300.5,asm,2.9778084747514404,0.012642176461580324,0.9509896132893622,0.008358727097690637
50301.5,asm,2.7882920681073875,0.013456848979665927,0.9136463684079404,0.009392573150916322
50302.5,asm,3.1852267323900074,0.03951980813690303,0.9454634271840605,0.02907185127501031
50303.5,asm,2.7091963972704147,0.015667118915692606,0.9415997867441028,0.01152976675244491
50304.5,asm,2.943877301703231,0.05917914685044628,0.7708881751374163,0.03783556189305416
50305.5,asm,2.4877895878420717,0.013860810969865052,0.7876069726010284,0.009676118716922363
50306.5,asm,2.0381992199207306,0.007805071549344214,0.6482372987604351,0.0057666074105123186
50307.5,asm,2.072163593583506,0.008052219732584912,0.6479106761841826,0.005761324171508592
50308.5,asm,1.9767952294423348,0.007630578820785458,0.6565285600142459,0.005846388103153909
50309.5,asm,2.44720912651312,0.010079722718169629,0.687665481414291,0.006280787358049739
50310.5,asm,2.1395671254286817,0.00961172479397493,0.6416498695472919,0.006506611293839011
50311.5,asm,2.270026409841788,0.014525625713462493,0.7143257029746575,0.010153838272180006
50312.5,asm,2.834526837349284,0.009859459732756978,0.9975572367519283,0.00725815446966251
50313.5,asm,2.074306860522857,0.012598764774659583,0.8354558624747181,0.011133818139688506
50314.5,asm,1.8014708893975269,0.008806006063147492,1.06174127897131,0.010544799552986513
50315.5,asm,2.803043828417596,0.014991320042524119,0.8860024279965388,0.009799911008094091
50316.5,asm,2.557363014860883,0.01234198798878081,0.8825330796400964,0.009017430815965012
50317.5,asm,2.100583393459269,0.008061912440683864,0.6672858971669815,0.005799055535297679
50318.5,asm,1.9673059536073632,0.01108541445962775,0.6028101683279988,0.007928349281570806
50319.5,asm,2.267582160877,0.01843516479450841,0.6738926728007097,0.011998449518527647
50320.5,asm,2.684418940837377,0.016616654648518005,0.9092196155298208,0.011901345847727753
50321.5,asm,2.5607003838875797,0.014266653938937699,0.8860194485685007,0.010596020111590838
50322.5,asm,2.66181871019015,0.028796243126716626,0.8185792604171447,0.019340673305441244
50323.5,asm,2.7986435307741337,0.017230565789693734,0.9270136724256818,0.012001439934559448
50324.5,asm,2.915822580640579,0.017135133027175502,0.9638730472332366,0.01198814918579677
50325.5,asm,2.802479281396569,0.017778238302152267,0.9512955303366141,0.012841379496082408
50326.5,asm,3.0084112547876534,0.011696415372063335,0.9940724778315698,0.007954131675465076
50327.5,asm,3.0650111843303716,0.016283031014268846,0.976298220453282,0.010819680702560555
50328.5,asm,2.6356299131266474,0.00957247879947848,0.8103600959931542,0.006328902966340193
50329.5,asm,2.466278157419091,0.010070284839346983,0.6987317079015446,0.006267760292998302
50330.5,asm,2.165808240160905,0.010389126052934072,0.6598889959291354,0.007156139949465785
50331.5,asm,2.2367746958266004,0.007904379815530745,0.7123464917525725,0.0055849944046265365
50332.5,asm,2.2363047393934594,0.008815130653298794,0.7132892131708998,0.0062218886871204535
50333.5,asm,2.232357152173806,0.008438994900532463,0.6908742318292959,0.005758220840010563
50334.5,asm,2.3419205843274558,0.010584952091307033,0.7181385257493931,0.007198413344407968
50335.5,asm,2.182838077883117,0.015693465908268943,0.7115276683744521,0.011184529090212439
50336.5,asm,2.4919456131800284,0.02699437850213619,0.7523122421021939,0.017791759594037504
50337.5,asm,2.3188067195082867,0.017972567524446183,0.7407112931208819,0.01265138997755037
50338.5,asm,2.8018621730656474,0.029657847306585168,0.9140408556333983,0.02020957572408739
50339.5,asm,3.0733408700701745,0.013062326179068728,0.9730103531018359,0.008642080474576038
50340.5,asm,2.4927260803506845,0.012616560293780317,0.7467283734916081,0.008158129263256245
50341.5,asm,2.90398347192591,0.014849654924411499,0.9008071086127145,0.010075145159400853
50342.5,asm,2.43601325958424,0.017112337213288253,0.7592447697571719,0.011832595224646365
50343.5,asm,2.1718913048655706,0.012027702518158512,0.6587959225740253,0.008195025092741627
50344.5,asm,2.2479103858045124,0.01050998531687121,0.6487718528117363,0.00684850304180168
50345.5,asm,2.1404101568634415,0.008910945832010566,0.6854642794017075,0.006356654962594325
50346.5,asm,2.0883356786306537,0.015252612504287602,0.6238830434860162,0.010313185333104902
50347.5,asm,2.002758023850893,0.0114700824222836,0.6349325364212601,0.008199115651686269
50348.5,asm,1.902233211415059,0.014296935384779203,0.6370125429757022,0.010685572288128177
50349.5,asm,2.165959158375344,0.01774761266205283,0.6394482006149056,0.01210368433182411
50350.5,asm,2.024602469150839,0.009811159822038848,0.6178901984092653,0.006840036482098809
50351.5,asm,1.937593682545782,0.01146638800937295,0.6564192156748748,0.008919225827521938
50352.5,asm,1.8827129904665678,0.014690912083187839,0.6496854141962936,0.011685465045677858
50353.5,asm,1.6957674343275781,0.013757437058023578,0.6625022555251746,0.012814926614580974
50354.5,asm,1.7559437230667034,0.009657608906770221,0.6055605183779025,0.007843306041571815
50355.5,asm,1.8632948870895227,0.011579164292864113,0.6706047554778249,0.009664925032336895
50356.5,asm,1.7735285149113176,0.01008885534867933,0.6112649014603739,0.008279857583544584
50357.5,asm,1.6845372530360376,0.021517292138014846,0.6070417448338726,0.018570525143753583
50358.5,asm,1.8578948729723967,0.0095213808952512,0.6151966251539157,0.0073889592267330495
50359.5,asm,1.8631681966066436,0.013753233755686628,0.6295391505203288,0.010887279596836136
50360.5,asm,1.7657069610810432,0.010251944797158671,0.6247374694963809,0.008479718445898414
50361.5,asm,1.7065022766290867,0.01114478828771182,0.5943785999350403,0.009336419848580014
50362.5,asm,1.7267292047306706,0.007821344734133233,0.603356056923837,0.006450078025598
50363.5,asm,1.7372467642775296,0.009753158814318178,0.6012620637301377,0.007867783759149335
50364.5,asm,1.726837006215774,0.00866824941068762,0.5998221478375069,0.007070724930558967
50365.5,asm,1.7451200901436679,0.006711000797269683,0.6142862183207498,0.005611512063900222
50366.5,asm,1.7379515163027002,0.008960601490886249,0.6311904464000289,0.007834187133560159
50367.5,asm,1.719425427990278,0.010295361789741508,0.6434835443827479,0.009200594212827899
50368.5,asm,1.8764505342374433,0.008618093761592066,0.62644749566185,0.006843009100752259
50369.5,asm,1.9484973599193824,0.015246699863228332,0.6340618235860505,0.011779911959062537
50370.5,asm,1.9761727770465383,0.011941245033525979,0.6952818287495497,0.009782817118959113
50371.5,asm,2.1542004289774637,0.01045627265392408,0.6988932084640993,0.007667097683954624
50372.5,asm,2.2736858595392153,0.009524237372173259,0.7140663112141549,0.006620439351741325
50373.5,asm,2.353869075386643,0.008875951709231325,0.7365333895401481,0.006148224909881251
50374.5,asm,2.6238932778547426,0.011611369685340435,0.7888034860642488,0.007605467864941419
50375.5,asm,2.1823759616942495,0.011947232516146156,0.6904549025888674,0.00865992163781486
50376.5,asm,2.1792102107933222,0.010276843713149525,0.6905699474541208,0.007441556893297552
50377.5,asm,2.1529521519583517,0.008384086060122831,0.677479313171836,0.005921299857605575
50378.5,asm,2.0828416908465233,0.014906668434669767,0.6978085880506443,0.011422560631532862
50379.5,asm,2.4995797562270234,0.01103769732440864,0.7146170592241691,0.007143064488444351
50380.5,asm,2.448743887383914,0.012637184345162896,0.7462529616786459,0.008605580495832167
50381.5,asm,2.3136384699619166,0.011416202268327064,0.668582004449069,0.007446389309165511
50382.5,asm,2.509858566408196,0.020156295824261334,0.7441567105741281,0.013166425772100147
50384.5,asm,2.5318869578866385,0.023040043936164867,0.7537183646541976,0.01533922103112912
50385.5,asm,3.1067119706956627,0.02223188895741921,0.9642381041191992,0.014762112623028033
50386.5,asm,2.8809634494878567,0.017811298504955962,0.9940205064873945,0.013142220998013062
50387.5,asm,1.5147634311144433,0.026500825532814343,0.6642078180789076,0.028815069949433406
50388.5,asm,1.7409490051304601,0.017721368488621245,0.7876862274456093,0.01846361313067486
50393.5,asm,2.34718175609007,0.021262722394653953,0.8435342171631908,0.018947541826204495
50394.5,asm,2.411086873300224,0.01676990147303461,0.852387591249399,0.012934247162912636
50395.5,asm,1.9273333740234375,0.0712000020345052,0.7279245628500884,0.06651216487814587
50396.5,asm,1.6392069275795578,0.024082101741163688,0.5426149101037675,0.020140306986444655
50397.5,asm,1.650171656682983,0.010100763470556193,0.5759982418966358,0.008279602901604413
50400.5,asm,1.360620513129013,0.007731395911601894,0.5350126953663994,0.007613413583839015
50401.5,asm,1.1087751150725857,0.022040252224097306,0.511570245554857,0.027385185901081965
50403.5,asm,1.2256899503712666,0.010227470898897922,0.5233449572199194,0.011357121825810739
50404.5,asm,1.0387161989862692,0.006658986406413997,0.5086968321686027,0.008352963113615233
50405.5,asm,1.0802269940043776,0.008709806349504553,0.5010706751595524,0.010281504866387937
50414.5,asm,0.9909220277889466,0.028378082227233682,0.445664869840558,0.037909877269440874
50435.5,asm,1.3347995199502418,0.06054492503707988,0.4714153870828273,0.05927332412202058
50440.5,asm,1.0775999959309897,0.055600001017252605,0.5090733119619228,0.06577257825209408
50446.5,asm,0.9726656479925899,0.026607856551315288,0.4192745914513114,0.0319376104504453
50448.5,asm,0.9305486923209304,0.024301043874247873,0.48963830512774187,0.036630877488693356
50449.5,asm,0.9135430981137534,0.014166740366723213,0.39671571243773274,0.01845064580863216
50455.5,asm,0.9134749688969702,0.017898440065541747,0.41169915595953055,0.02280798323083893
50456.5,asm,0.9063016059948975,0.012846349569163454,0.459452983962129,0.018186361186167985
50458.5,asm,0.9093736654069468,0.015208901020328446,0.45035352605154066,0.021266022470635963
50459.5,asm,0.8338151381555503,0.016469854835795033,0.38552339261099366,0.023782503817182696
50460.5,asm,0.8455478383174518,0.01422002951125859,0.3793680065028109,0.019978918752506278
50462.5,asm,0.6875531338646927,0.012165425150355381,0.27871061551035603,0.018115455306168905
50463.5,asm,0.5910543081366086,0.018596583207342764,0.34638099957354107,0.03447297381661008
50464.5,asm,0.6099133216866189,0.008698068696382401,0.3275604536166136,0.01587098807527304
50466.5,asm,0.5777511373004441,0.010336532649334965,0.2805065306554167,0.018241132287711646
50467.5,asm,0.4977122351063081,0.019052151631985627,0.300999594382732,0.038915591369895086
50468.5,asm,0.49309462343812877,0.015976418511899314,0.21690509986534717,0.03373362526570231
50469.5,asm,0.5365493112238732,0.010522017526031968,0.3060714495181559,0.02092378734783103
50470.5,asm,0.5946636579062505,0.01827714188855475,0.3064909307140061,0.031745085877390535
50471.5,asm,0.5586391861816503,0.00953310227040563,0.27078271057198094,0.017994694798970274
50472.5,asm,0.5285839160762734,0.020561797482187755,0.2222128529615184,0.02969661649613223
50473.5,asm,0.5828063474188401,0.01680624569561334,0.307545011276289,0.031615926325334325
50474.5,asm,0.524126710716844,0.019340377353178978,0.3818002014074683,0.043379629797186035
50475.5,asm,0.6314480949594473,0.018706033694949685,0.2852195878371706,0.03077467848193689
50476.5,asm,0.6200268750650687,0.020448195735959938,0.3850539559878721,0.03790889885453396
50477.5,asm,0.6809342998629169,0.014816625979155302,0.3577521288468405,0.02610138126732501
50479.5,asm,0.7445321473990858,0.011286486814081313,0.36566500535586227,0.018155763715116506
50480.5,asm,0.73062717942303,0.018009743968746564,0.3702700383025306,0.02759946086130058
50482.5,asm,0.9137333170572917,0.02946666717529297,0.4316725960772559,0.04265475046995774
50483.5,asm,0.8844000244140625,0.04413333257039389,0.3736743302892304,0.05836981789457175
50484.5,asm,0.8396256977181643,0.009956817314642501,0.36690903609608716,0.01311470467813177
50485.5,asm,0.9099526347739846,0.0101473763898962,0.4074958709884596,0.013102572019061195
50486.5,asm,0.9213251471544356,0.005378022270473116,0.40273106938018977,0.006958197294459316
50487.5,asm,0.5443110646893068,0.00607593608916713,0.5150768283878855,0.016383660759598694
50488.5,asm,0.9223217880728908,0.00815612517525727,0.4071606808177971,0.010454513244996307
50489.5,asm,0.980572054942499,0.01971274954163522,0.39340587763807905,0.02330116247241568
50490.5,asm,0.9571127862246194,0.021052579032114507,0.3846366890377882,0.02367855726180966
50491.5,asm,0.9844705115280832,0.00884923553824734,0.4108620598423636,0.010507670373320904
50492.5,asm,0.9668589609071109,0.00904909428661901,0.4183146851008606,0.011150097543949133
50493.5,asm,0.9661637239257851,0.008430996916559663,0.4253522239052336,0.010567749363495254
50494.5,asm,1.036428895671626,0.010568306429474074,0.3961465427994016,0.01152871845375952
50495.5,asm,1.015867335831574,0.007664510038232114,0.4386013116529699,0.00923890263150618
50496.5,asm,1.0672361682658598,0.009302618960708872,0.5151367785478383,0.01169684837505023
50497.5,asm,1.0923424518838478,0.008317862028316792,0.4479537109373207,0.009381871617865477
50498.5,asm,1.087029259898681,0.011800235811348304,0.4525779351400115,0.013415024024920088
50499.5,asm,1.1436945415013657,0.012951287114554315,0.4637650425738644,0.01409356361565677
50500.5,asm,1.1376214249202874,0.005479754854477828,0.47375958861757766,0.006232835113465921
50501.5,asm,1.1522159948966297,0.00700070130437322,0.46309835229666807,0.007501467809431284
50502.5,asm,1.1853629415654476,0.006384947434034979,0.45445989765027467,0.006519526346462614
50503.5,asm,1.1470186130223414,0.006698629807386413,0.47815161642192994,0.007323704771775929
50504.5,asm,1.2330976645608294,0.00717423572462605,0.46922731066203516,0.007231254360832661
50505.5,asm,1.2303165687494328,0.012298888447488991,0.4779041883637309,0.012504276760793173
50506.5,asm,1.2336362876131062,0.00791022035123689,0.4889069541584374,0.008142411416941803
50507.5,asm,1.2830319038188818,0.01846515640507488,0.4872957195004623,0.01802846288445516
50508.5,asm,1.2264107925662395,0.009605755829394545,0.482988012018766,0.009972999129695107
50509.5,asm,1.2624426215920348,0.009322383758658301,0.4955255632502549,0.00942261160153778
50510.5,asm,1.2417881088644953,0.01194111315020225,0.4691092470643283,0.012504790811422282
50511.5,asm,1.226016841869715,0.00809587838358162,0.5587545619511582,0.009495212662757387
50512.5,asm,1.2881974700403054,0.010410751144428044,0.5022829966365906,0.010389513363260364
50513.5,asm,1.1716230850990923,0.011210107813372694,0.49995881388241675,0.012532837999646761
50514.5,asm,1.263165601587629,0.007345651814739271,0.4877455530496557,0.0072566685907074656
50515.5,asm,1.287535843117051,0.008400510281546305,0.503270544373505,0.008314133573910708
50516.5,asm,1.2973751064215224,0.008871528039171279,0.48243050195670856,0.00861686921859942
50517.5,asm,1.2777304755905814,0.008757468219462178,0.4848056842573778,0.008662013065711087
50518.5,asm,1.3498975291330246,0.015327435052572981,0.5109984094620222,0.015106154434233687
50519.5,asm,1.2103358797778427,0.018274314130484092,0.5032011156788314,0.019649678376257352
50520.5,asm,1.281450811387894,0.027090883098934194,0.4257812027086876,0.02616106918177913
50521.5,asm,1.352706198981706,0.004827117572770306,0.5133778187001429,0.004629372115514614
50522.5,asm,1.3081220831946454,0.005984826703752825,0.5091854024291207,0.006036170990712517
50523.5,asm,1.3204411525809998,0.02553212214645581,0.4827762138894766,0.025230160592620638
50524.5,asm,1.2217357004037115,0.00803129443818433,0.5060540345049586,0.008527121715152509
50525.5,asm,1.3194500706127235,0.012157012969315385,0.45980303923591864,0.01115531140727152
50526.5,asm,1.3449372027273518,0.014827116926249712,0.4983369459946045,0.013982963855053418
50527.5,asm,1.342702560655739,0.010851221648434323,0.5211635748844462,0.010528462399755729
50528.5,asm,1.3317551562589958,0.006917013922318224,0.49497767748311444,0.00653381022170939
50529.5,asm,1.3065547637312325,0.013616700309916763,0.5041965941136531,0.013303503324792085
50530.5,asm,1.298025159075054,0.014800441497418071,0.47248692830864675,0.014150092623404416
50531.5,asm,1.2402761237122855,0.010586127053907176,0.4960373861961937,0.010720128806242991
50532.5,asm,1.28887733744237,0.007695637693147025,0.49110915497469826,0.007518788408923818
50533.5,asm,1.305079008386981,0.008318330796245893,0.493314905857318,0.008071340089303745
50534.5,asm,1.3138366919285078,0.010490643793630013,0.4920553777578025,0.010163224027095403
50535.5,asm,1.324732669474527,0.00858650060771683,0.5020839803216226,0.008492970406080363
50536.5,asm,1.298550371077904,0.006834962782585605,0.49190256733542637,0.0065936554433252475
50537.5,asm,1.2734230738252879,0.007100684395047933,0.49606470634421473,0.007157126927311077
50538.5,asm,1.3507182790620418,0.007284733531919366,0.5357923438048698,0.007287644946069096
50539.5,asm,1.3773874345356674,0.011009357053950336,0.5331299623385521,0.010651985526517393
50540.5,asm,1.341924256526518,0.006268174395483123,0.5460679271781673,0.006397231991134161
50541.5,asm,1.3765172624837965,0.007380006878719364,0.5488718262681573,0.00733015622575616
50542.5,asm,1.3360890581653242,0.008964559836216223,0.5405868984424193,0.009018476331826461
50543.5,asm,1.349176182657796,0.00878448390613174,0.525289741539612,0.008578362676281572
50544.5,asm,1.3813322002582895,0.007605292889227423,0.49955184694672683,0.007059367045085586
50545.5,asm,1.3300619647478433,0.005119768524559857,0.507297415169904,0.004954605279105358
50546.5,asm,1.3859038586878896,0.006021519177455208,0.4838658538882574,0.005375713603895651
50547.5,asm,1.3728064666710005,0.007012898184438911,0.4825987249490354,0.006300481638736882
50548.5,asm,1.351169269856561,0.008231347723706746,0.5220358207537965,0.007977978142308877
50549.5,asm,1.3897770957814939,0.01958761334647422,0.5655125596487005,0.019640689615061945
50550.5,asm,1.3061102176118518,0.012491355089065145,0.5591529378487534,0.013292339185306246
50551.5,asm,1.2945412042069444,0.013453867993588178,0.5167506374139395,0.013678013243391563
50552.5,asm,1.3166492478826168,0.009323214052929792,0.49600315415298435,0.008843000097104441
50553.5,asm,1.1811521489099013,0.008993000424770525,0.5105387343381631,0.010010679523582157
50554.5,asm,1.3097072232217548,0.008675594120764532,0.4843193886636099,0.00810603776927464
50555.5,asm,1.1571613766744728,0.0072818248744348415,0.5246246751352167,0.008507268009762639
50556.5,asm,1.2573247561642946,0.006256686128139171,0.5031366039138665,0.006411399183120391
50557.5,asm,1.2748661471926976,0.006991974169299997,0.4999226348338146,0.007032898916745864
50558.5,asm,1.2354597191648131,0.023064718278420684,0.4975568934318696,0.023735271165388244
50559.5,asm,1.2532845308230482,0.01055620952949398,0.4748770956204694,0.010830268335670128
50560.5,asm,1.3120727296339094,0.010250716165890699,0.5146729254687716,0.009925240783759405
50561.5,asm,1.3298740084675793,0.00892958926634165,0.5109633464287352,0.008461988169887469
50562.5,asm,1.3356348888668041,0.009575979572926234,0.5203156139277612,0.009274121094051391
50563.5,asm,1.3241988913508482,0.011791780794205483,0.49487386724511323,0.011561738017016003
50564.5,asm,1.3061727650789514,0.025291666129721623,0.5973702991794017,0.02972319284899638
50565.5,asm,1.3157620800840129,0.00940253901771734,0.4812336634838466,0.008880497672958823
50566.5,asm,1.3724560551181422,0.009878433263357286,0.4743665193519528,0.008982744643622148
50567.5,asm,1.3601732754820983,0.00937342294253407,0.6313576411066936,0.010344353866575371
50568.5,asm,1.340764630422685,0.012594220374240002,0.5206632534944696,0.01254853766175026
50569.5,asm,1.386561157852885,0.01271596243432064,0.6211639714240152,0.01438906229089595
50570.5,asm,1.3527147828206283,0.010919639834916488,0.6336072928899701,0.012319659066404665
50571.5,asm,1.3673597486944409,0.007963801257524883,0.5925632520665248,0.008522837440340693
50572.5,asm,1.4078348012939224,0.010147326655024713,0.6716210864015468,0.011739865001343634
50573.5,asm,1.3983982535490278,0.00922292167581425,0.6264152388270874,0.010012269906276653
50574.5,asm,1.4113637684309512,0.016253184919239706,0.6310355916085977,0.01743331381031788
50575.5,asm,1.422251944455099,0.010294598565805108,0.6496123857983934,0.011259372886450007
50578.5,asm,1.461961209094969,0.024870313922169488,0.7537965246802225,0.029877552115416605
50579.5,asm,1.4418179900423629,0.01599639695061021,0.5505172321533708,0.015273301411099897
50580.5,asm,1.4198966478066952,0.018584254703921665,0.711580303756291,0.02339971080167623
50581.5,asm,1.4916257936795791,0.014133043941347753,0.8257280291062192,0.01869890509269198
50582.5,asm,1.4588605119361908,0.021498388134131408,0.8111443105742758,0.029061395640722857
50583.5,asm,1.5034409889981253,0.009374278846804847,0.5626091161280861,0.008961841864902403
50584.5,asm,1.4747678055039948,0.023272073345085225,0.5614040622097339,0.02233244835110077
50585.5,asm,1.5092146477895747,0.018291328429117057,0.6087617047299941,0.018479202555845786
50586.5,asm,1.597018647997624,0.012774205322725633,0.5650162981589915,0.011384388222484913
50587.5,asm,1.492576274492869,0.03136096641271793,0.6079775721747449,0.031985706360374316
50588.5,asm,1.5332727288963988,0.014713128410876068,0.5891683785523681,0.014148375921659162
50589.5,asm,1.5530593521917124,0.013741512564526171,0.6612720534609315,0.014174721222730129
50590.5,asm,1.6246758711954263,0.014759315263090397,0.7686280983396938,0.01697056691915449
50591.5,asm,1.6882654451900736,0.013644500807191099,0.8054142825265125,0.015758149406640106
50592.5,asm,1.6870556846210396,0.012839369022802407,0.7879698892585157,0.01464727126692971
50593.5,asm,1.641623265827745,0.011513870403440148,0.8403459818651307,0.014231062505443955
50594.5,asm,1.5359225596089388,0.010502000121316706,0.6898130140288511,0.011304968280443658
50595.5,asm,1.5416281081138241,0.009698021992723668,0.7003919036123953,0.010411599280683574
50596.5,asm,1.6627233109688004,0.007422775357720663,0.7515512213365219,0.007946394115293057
50597.5,asm,1.7544512932286807,0.010428032903135964,0.7241780582191996,0.009879660488615324
50598.5,asm,1.7474303167917957,0.011898349995758442,0.6769403201316785,0.01083963640053402
50599.5,asm,1.754417709541924,0.03230605684642692,0.783683610845643,0.03358805702931
50602.5,asm,1.6868494630416264,0.01057294402637889,0.8537779514803834,0.012669227218939082
50603.5,asm,1.6702759214630674,0.021746233182752775,0.757937832694148,0.02374701601911789
50604.5,asm,1.6309179470626916,0.010952633278240058,0.8046079449472698,0.01284089331794822
50605.5,asm,1.579599890616921,0.012889738111638346,0.6567868784238414,0.013137065475180046
50606.5,asm,1.5385917748466942,0.010318808674288978,0.7121678813336837,0.011467509502972453
50607.5,asm,1.4721798961560673,0.01130586976944452,0.5728588866807264,0.011218466057989452
50608.5,asm,1.4640008787045766,0.00892060628693343,0.5374680643073967,0.008316069608869473
50609.5,asm,1.4165881634641535,0.011375464923073352,0.630286937641845,0.012324305556275682
50610.5,asm,1.486359267404239,0.007918764728458212,0.5331629032942848,0.00720971144425855
50611.5,asm,1.5023172008836443,0.009031231415030393,0.542664455889181,0.008332777858923288
50612.5,asm,1.3967896616365205,0.008522397925693566,0.545596686027346,0.008499371587453052
50613.5,asm,1.339222341439824,0.009833923502834825,0.5147011046489427,0.00985193217597243
50614.5,asm,1.3862427896954885,0.00892189555294025,0.5278976718918753,0.008758021729201856
50615.5,asm,1.4604301056367959,0.017162478074857664,0.5177661869553548,0.01594122329866972
50616.5,asm,1.4045165919178757,0.013804812557037114,0.750043487766045,0.01777407572984529
50617.5,asm,1.3797524530928775,0.013005980346095758,0.7068857242328334,0.01636960295704069
50618.5,asm,1.356448969337415,0.012217946304850144,0.5590449825788824,0.012704876025916455
50619.5,asm,1.3477177543983463,0.01099979242269031,0.5281798061442573,0.011024393605812791
50620.5,asm,1.3120703256490014,0.011485826804189657,0.6409186430765172,0.013655579196027102
50621.5,asm,1.195870582787158,0.011715620519944153,0.5090046379689959,0.0131761545244143
50622.5,asm,1.3116686142093792,0.01436856038554395,0.5253599875619659,0.0148482643379286
50623.5,asm,0.8399600198535863,0.009302974990102597,0.5361362785858261,0.015277424553671376
50624.5,asm,1.1875287755639277,0.0068635576890074745,0.6404549468318257,0.009503598319963625
50625.5,asm,1.1027479686366548,0.011747155820197128,0.6360484831686553,0.017650951059324658
50626.5,asm,1.1237434708148808,0.013691634127591513,0.49925247196141903,0.016128643383715873
50627.5,asm,1.0806417029710744,0.010634946664962756,0.5758764991747264,0.015092138364745288
50628.5,asm,1.04908464754969,0.011090191498884405,0.46349396709883917,0.013176606624468254
50629.5,asm,1.0116633421992836,0.010565775550801976,0.49559660877596784,0.014164028486278495
50630.5,asm,1.0151545728192617,0.015994864255062493,0.6889635134311003,0.02913749469878342
50631.5,asm,1.0200366226926911,0.015805232928300005,0.7154281755346027,0.029351557953083456
50632.5,asm,1.0511044386672819,0.0128634549926264,0.7682958237457117,0.023838964090144302
50633.5,asm,0.9412601504648606,0.01265347624287608,0.4143866255960111,0.01591350693917068
50634.5,asm,0.983209321534898,0.015641738138007812,0.5930003753418993,0.02455462764898388
50635.5,asm,0.9488799854140609,0.007719091645084037,0.43046179848713784,0.009578532887036756
50636.5,asm,0.9361474204571312,0.008534874256050843,0.42479498827816375,0.010773284862183603
50637.5,asm,1.056133321126302,0.025466666221618653,0.5022407783942484,0.029723159570601683
50638.5,asm,0.9734805393844729,0.012227961247895366,0.4980213644134801,0.017093873083989682
50639.5,asm,0.9649554026781664,0.012141701778248073,0.4837229095990526,0.016691539127977672
50640.5,asm,1.0107325708036012,0.0350040081398713,0.5377298529137071,0.050481462267876344
50641.5,asm,0.9155865620258362,0.0170084944881125,0.514335937252455,0.025769887614236753
50642.5,asm,0.9257157924601618,0.009926659497716407,0.395622647148675,0.012043570087121896
50643.5,asm,0.8842605102543772,0.01430593314411646,0.40061911474791495,0.018059158372694777
50644.5,asm,0.8627351740212835,0.007535104656094608,0.4611873772567145,0.011337441029366712
50645.5,asm,0.9018060399904493,0.010650750057215094,0.42772393674749154,0.01431177279394764
50646.5,asm,0.8804911003218157,0.007313228667429624,0.47412003033485434,0.010699598030271656
50647.5,asm,0.791795316481148,0.014850851438620347,0.4486890332727091,0.022594942900986747
50648.5,asm,0.8940654075561105,0.02426765045367826,0.41847391069603557,0.03118383590870645
50649.5,asm,0.8260458505921957,0.006967894185243696,0.4982526276767849,0.010996402455336354
50650.5,asm,0.789186583507265,0.008172801965750934,0.5375628988699227,0.014362842704468862
50651.5,asm,0.7658820393910565,0.009567905476308362,0.3687002404223334,0.013385094825008416
50652.5,asm,0.7400719380882179,0.006359868043738742,0.45958050262155525,0.010843584199942368
50653.5,asm,0.6828692344784435,0.023359890349665752,0.368905187964341,0.0403598673383881
50654.5,asm,0.6300555496881974,0.005825305429479341,0.39695775476357725,0.010928401417092058
50655.5,asm,0.6282266720037578,0.009364315784498001,0.40573244933353164,0.018260734268816855
50656.5,asm,0.5794304162399945,0.004641016655726158,0.36520193004788293,0.009148085040213425
50657.5,asm,0.5140469311567656,0.008199776928060147,0.32618503504275476,0.016876754786852858
50658.5,asm,0.4600244060443368,0.0075891330149235195,0.3332827819706764,0.01845894130475154
50659.5,asm,0.43550554199500785,0.005450552632812971,0.2955500398798825,0.013000716468568554
50660.5,asm,0.36589312147619596,0.005665796761193886,0.2751644043991524,0.01544037126985715
50661.5,asm,0.33549331902875396,0.005061831361589685,0.22730313437821187,0.014180103575819017
50662.5,asm,0.32284210083202214,0.008894478545534691,0.261285548374262,0.027131926886321486
50663.5,asm,0.24980745121721806,0.007807589367779161,0.212036761436244,0.029358989528547107
50664.5,asm,0.23494468716281716,0.008081643548333869,0.2362366739692834,0.031547442223116076
50665.5,asm,0.22244787478796824,0.008229490946558922,0.20270158728099077,0.02893995002430674
50666.5,asm,0.20971868311139863,0.009623515743020866,0.20955452980884381,0.03651660475839716
50667.5,asm,0.19438647606785517,0.00458910107381987,0.18196061605824176,0.0190637567032031
50668.5,asm,0.16520784189358498,0.005173538813424883,0.1603101478798194,0.025244123597479143
50669.5,asm,0.16712871922592865,0.005025807707990803,0.19089491160197,0.0244460701690529
50670.5,asm,0.17845581335057617,0.004534679578834115,0.34804167455083257,0.026676594284177922
50671.5,asm,0.14617030733450287,0.0067098507523013036,0.41349946938178184,0.053021041456370745
50672.5,asm,0.13729342287520788,0.006350871478320708,0.5523150942722672,0.061297370354995356
50674.5,asm,0.08952254147806553,0.004721787079266435,1.1264534838818772,0.1365333881644511
50675.5,asm,0.06612599850281542,0.00665630554884546,1.209439346507753,0.27191362660076135
50677.5,asm,0.02707737922944531,0.011298269815485698,0.37004291505872816,0.4217631311742427
50678.5,asm,0.02229107098245723,0.007026136549330306,-4.81034388531934,7.09631324444874
50679.5,asm,0.026894015278933973,0.009139446543709448,0.9333329730859646,0.8287203798161552
50682.5,asm,0.011064633755095445,0.0034149994804058225,3.7703131925600104,4.41475489483932
50683.5,asm,0.009991912766546353,0.004169398550129141,0.5950208233666766,0.5222237286884914
50687.5,asm,0.014591218052314907,0.0033270565861490743,2.6031379784419255,1.960948102568654
50698.5,asm,0.010470088465851214,0.0028558296596868735,1.0862474259767756,0.45054394158385697
50700.5,asm,0.008189472866014296,0.003609931769383319,1.702445677851701,1.4342193347965242
50701.5,asm,0.006477505097978824,0.0028562843150099185,2.343007814436942,2.5355356045001844
50703.5,asm,0.01618294160804641,0.0049026535100950945,0.6118500216943782,0.33368232413686044
50706.5,asm,0.00932819500618353,0.003551144841987187,1.1752377054256646,1.4436734511913432
50707.5,asm,0.009988148748212964,0.003299257307948443,0.6542381012396833,0.5255027834605769
50708.5,asm,0.015096901935198751,0.0034926157257692517,1.3131215231645734,0.6301866288739588
50709.5,asm,0.011096159685572246,0.004651051958417115,0.8184946713160653,0.9534114164087116
50719.5,asm,0.008892288169214118,0.0043584435391644735,1.4443661304122946,1.3733353268950972
50724.5,asm,0.01748621275888298,0.004578886433797851,1.1249492436545643,0.7818333301163566
50728.5,asm,0.01398174223243623,0.006229459955192639,1.1819018055226507,1.2539543564948805
50734.5,asm,0.015945563451593148,0.007833812086533155,1.8599520780899612,2.2830414280933873
50736.5,asm,0.017467507951962932,0.004732574943486388,0.8224462337149143,0.4591041558245531
50744.5,asm,0.016539323490710557,0.005393841848045467,4.07685752765141,5.643774020034428
50811.5,asm,0.012987869999296436,0.005078142291975641,2.0205595432638974,2.4186991617175075
50824.5,asm,0.025046366039144004,0.009114959111928415,6.45950190915677,17.897259456079745
50845.5,asm,0.032087872684638516,0.013079719974110596,1.4836747455646542,1.490892316918113
50867.5,asm,0.025529480534172123,0.010606287452338253,0.025671617825540276,0.22613815980493646
50902.5,asm,0.0074426951639978926,0.003404924115392758,0.5841245015649525,0.4263576669503393
50912.5,asm,0.009871914054736692,0.00471639542676458,-245.3686804208525,41989.93450742523
50913.5,asm,0.009364866448691056,0.0030589630919099857,1.2424728796116997,1.4912251350821748
50920.5,asm,0.01894603737106503,0.007273811485452259,52.5301595191512,1107.530653067649
50944.5,asm,0.009832065410129804,0.004611996793033198,8.81128565716382,46.104134467220256
50955.5,asm,0.0117972492989875,0.0058534962420338675,0.2285253304872835,0.49260122185702393
50961.5,asm,0.007846097429613157,0.0036540765596977274,-1.2541677333603023,1.621533609422849
50971.5,asm,0.00907349514998812,0.00433662354403279,0.3355625330481683,0.7715601845635537
50992.5,asm,0.029306757230663737,0.008963324275755047,0.6364114409897441,0.36678391151596884
50996.5,asm,0.013633775793036075,0.006246261981967676,0.4177219091321248,0.4618431682235074
51021.5,asm,0.009525999787541109,0.003544481736489374,0.2814444622010817,0.3269009534880192
51041.5,asm,0.017954037443633407,0.008067037922083383,-14.83596929520113,153.62473095141146
51059.5,asm,0.00628305549860983,0.0029515517041343877,-60.677471970848984,1147.1890824028042
51065.5,asm,0.008105544513444569,0.003101773994799917,-4.268445819106822,7.448759495505703
51066.5,asm,0.006963008067657737,0.0026959335609209,4.847855127167563,7.974379433595845
51071.5,asm,0.009719506385256607,0.0029830451974229007,2.353181820853131,1.9381337421279745
51098.5,asm,0.014589924272130237,0.006784647392677659,-2.699242629378109,4.878799480136361
51099.5,asm,0.033381656132587346,0.0114806961986544,0.7358272219537667,0.44216709590997755
51109.5,asm,0.010562726127550475,0.004858307876566693,0.5467597009391282,0.34698550727528715
51187.5,asm,0.02646201793705628,0.011656645928017753,2.5582582685008237,4.476297613978046
51194.5,asm,0.028976570230474015,0.014092866930593528,0.8257909011480739,0.7385326397172172
51214.5,asm,0.010753456413691916,0.0047926341819852685,0.07467230025723234,0.2770557447264626
51215.5,asm,0.01593563064010252,0.0055130204856561876,0.9884759169225521,1.0207413013873827
51226.5,asm,0.054933331807454425,0.015466666221618653,0.799999986376081,0.5504728762168583
51232.5,asm,0.009471992945995262,0.0036150934915844053,1.227432073031325,1.2902974990039497
51254.5,asm,0.019412251100711223,0.00966899697295556,6.166391494381804,31.276795743903886
51300.5,asm,0.01594213150874335,0.00632488440022691,2.030795712884311,2.0836721672919114
51327.5,asm,0.009676529587229601,0.003923380315305909,-2.5370587836291802,5.215780012526273
51331.5,asm,0.016474025636409186,0.006590674851915551,1.2595289450970624,0.899191704015315
51342.5,asm,0.006200638109786194,0.0025897202285450056,1.6870750178825697,1.638742228367755
51344.5,asm,0.01182084074191027,0.005727958001094005,-45.51721753713709,657.3115036288137
51346.5,asm,0.01110185120519434,0.004702786504426837,-0.3161757353413202,0.5142288472687381
51347.5,asm,0.01407984416775049,0.005215179134705909,1.6255005060137202,1.4508288412785852
51348.5,asm,0.015718356064258553,0.0044262717905531514,38.160022717059576,726.6554344559675
51349.5,asm,0.017271554279820012,0.006679958364608526,0.21849038120227612,0.37041262675367836
51354.5,asm,0.028134446579298106,0.012350073532777945,-5.186017790069115,20.94099904254282
51367.5,asm,0.029502167036223444,0.01028348605181326,0.03958538266166266,0.21136052300971933
51379.5,asm,0.01932807688341503,0.008553018645056214,0.8677010586190204,0.5614073115954222
51391.5,asm,0.011761663133506467,0.003906515325492853,-7.537096640522198,18.32692676012
51418.5,asm,0.01654725363413263,0.006506500125938947,0.8962871457308647,0.8959173452276685
51423.5,asm,0.028956874347852254,0.011756603953930396,1.2260872310003406,1.0286908951148064
51429.5,asm,0.016881261368236727,0.007541735672297421,1.2163510778580708,1.7047087189305308
51430.5,asm,0.015428389348519176,0.004683477250820813,2.4856499859733754,2.2157858640021693
51436.5,asm,0.008146996364161612,0.0036718620678983017,3.324169709400232,6.911393037635382
51437.5,asm,0.011119447984959356,0.005149927598079271,1.8019995407228118,2.3959521698472113
51441.5,asm,0.005683087669580303,0.002714703726740201,1.3381231980554644,1.4018269274180675
51442.5,asm,0.006873131408457903,0.002546718964694179,2.3277156186737025,1.953918775316267
51457.5,asm,0.03478315558626683,0.009924975610181828,0.8403551061299827,0.6165185762090498
51471.5,asm,0.013880733170152398,0.005076709017926079,-1.6016161047081494,1.652764735469251
51560.5,asm,0.022401289472561186,0.010609656444904287,0.661190332165632,0.5123578561272468
51575.5,asm,0.02254408714905458,0.010272697651459465,1.1854641932349503,1.1495103822039263
51589.5,asm,0.01875044208746735,0.006565008217647513,0.6248668548601446,0.633246429900275
51599.5,asm,0.008845896464814542,0.0030712306671730003,0.43231629763218415,0.5000896767626484
51603.5,asm,0.007537187743663908,0.0029524141881699744,1.4017681673771198,1.012996609672123
51605.5,asm,0.00863800605383281,0.003186419143379277,0.5019294857394222,0.5984159029507271
51648.5,asm,0.012882806609629498,0.004621375110556912,2.383151114395582,2.269695413311688
51650.5,asm,0.015265527998006814,0.004920061024408904,7.633647452432307,37.13418600753763
51652.5,asm,0.009460738069447295,0.004457599118910998,0.21659380570152847,0.5866881658522013
51664.5,asm,0.024318995790271705,0.0097357364965001,2.1273953653971436,3.774088874101892
51668.5,asm,0.014454336794500372,0.005621814776234627,7.673652294941245,20.734706851734153
51693.5,asm,0.017072945706652236,0.006660800360104088,0.4865167595658169,0.5477476821303571
51706.5,asm,0.026688909139761532,0.00825667807268992,0.5528731558828897,0.5037429121507058
51718.5,asm,0.020299368129896734,0.007583266525302436,0.3510918837627344,1.3379709583917363
51728.5,asm,0.0669783727053553,0.02955173351008196,1.5725012606737114,1.9858696157350242
51764.5,asm,0.0065876268049560585,0.0032713498922315857,1.9699064467662324,2.0695595805356755
51765.5,asm,0.006699762808581012,0.0033028773510845656,2.003855445453808,1.6657677859035174
51784.5,asm,0.028170932099354656,0.009263699948579411,1.9674004458763068,1.2396011842259214
51786.5,asm,0.017969553392078823,0.00733291514824343,1.8118376940220933,2.438018272821077
51787.5,asm,0.018683980623483656,0.008142491041152243,0.7272396976592607,3.1796269405238045
51793.5,asm,0.00912475233512794,0.004194588139271788,0.5806966439174092,0.6254914195311645
51816.5,asm,0.00825201302301995,0.002812064825866456,0.9664749695395256,0.6524913870199129
51819.5,asm,0.01423610992555141,0.004597345832634633,0.6105346798181657,0.474657114864814
51851.5,asm,0.01384787120126917,0.0061815845784619055,2.4707474798084474,2.980277903712148
51854.5,asm,0.032393512661443996,0.006256256017501205,0.9577061019417564,0.44906367591147794
51859.5,asm,0.02185359284662763,0.00969362858891165,1.1155488930427973,1.244050131867098
51867.5,asm,0.02407048746663837,0.01009371652761039,2.3572862399136976,3.3278471490885146
51958.5,asm,0.01096664551977242,0.004448960916877901,0.7815753385854843,0.565354148297851
51962.5,asm,0.00878380689381354,0.003648281695516076,1.4823519321040057,1.5708151533205732
51977.5,asm,0.012611904960435946,0.005317433861556262,1.4777364314430346,0.96043606700517
51987.5,asm,0.02616087437875648,0.011874403584661753,0.3303357323763315,0.7254255853130198
51988.5,asm,0.03563863603445286,0.014008217426670945,1.0433090101309015,2.135104996312166
52014.5,asm,0.00883680224456908,0.0034923767683939975,0.7513822718695574,0.6773568148770408
52016.5,asm,0.010820183838494828,0.0034473856310368953,1.5350072044773229,1.2018254132747772
52017.5,asm,0.009874867139802429,0.0031802979331958517,0.46451078058405454,0.6849683883932701
52032.5,asm,0.019528707452869006,0.007081914840475888,0.42718088763443357,0.35288409980134167
52040.5,asm,0.0444000005722046,0.021307484249841357,-1.9478919418814777,1.9898759966459014
52067.5,asm,0.01577797660957426,0.005969557631162007,0.8655540612083465,0.7752692706630168
52073.5,asm,0.0259383285281403,0.00939835629133893,1.2207800834854494,0.817456159358055
52115.5,asm,0.013272517452109965,0.006006893828349138,-0.41346312974730354,0.9321235669123734
52120.5,asm,0.014244412350932741,0.005539317119087667,-0.04983600039382796,0.33687947047526173
52122.5,asm,0.017493134848256906,0.0061026710841335765,1.0635747261702884,1.1012557092361501
52123.5,asm,0.016295841226797718,0.006737058474339489,0.17384654998449106,0.5022528979210508
52129.5,asm,0.009586624475206867,0.0037673079583122543,2.107855180312876,2.1786349076783966
52136.5,asm,0.010622202421596661,0.004056537709829516,4.168438577844589,6.460963622592067
52141.5,asm,0.00948668605955254,0.003600053081088324,0.35570775329607746,0.4066988380449289
52143.5,asm,0.012117508350238865,0.00543946463111488,1.4531509706285295,1.3514175061919427
52173.5,asm,0.008400233583775205,0.003002416273310818,4.5981010361691945,6.337529892496024
52174.5,asm,0.008477729388500266,0.004176971735714872,1.048427911785659,1.873729467812028
52177.5,asm,0.007266681612658536,0.003442504742347165,-0.28155862663517983,0.43690431386656403
52184.5,asm,0.01189041376411811,0.0058623796414784355,4.260574922259468,6.250485512747676
52207.5,asm,0.096266663869222,0.03320000012715658,0.4139534633568403,0.3543552316525197
52210.5,asm,0.04026666641235352,0.02,-0.007575757105392658,0.6439624681574426
52304.5,asm,0.06266044642013999,0.020175453641153474,1.3123728033775945,1.1894382807070354
52319.5,asm,0.013282927315694078,0.005540080346370662,-0.02557647117216839,0.31529001920096844
52341.5,asm,0.018810783463216886,0.007799271107802145,4.638969371578084,5.901019470800124
52356.5,asm,0.016975588781442827,0.007858967810664296,-2.5907145457199725,3.729052166295665
52373.5,asm,0.010330046573045745,0.0031587444319100878,0.9814531458854285,0.616176055998578
52376.5,asm,0.0076893723001622465,0.002861568436989233,6.194955947907017,16.31918778818913
52411.5,asm,0.018143693520302682,0.008360061718631689,0.7022860025405959,0.8171270270162018
52420.5,asm,0.008472003393970052,0.003940948545462294,-0.02251910076258897,1.2168188313165753
52424.5,asm,0.01784439515540728,0.005708999361948572,0.2431433448994018,0.34946598026756015
52431.5,asm,0.007725974123621781,0.0029792078419585352,0.8590565180412268,0.7991859304627731
52439.5,asm,0.014418503274502786,0.004916255627972838,-2.4289186159830582,2.5000998013721385
52449.5,asm,0.019778412519648077,0.0067872625135026714,0.4938489136062356,0.8727601313666138
52451.5,asm,0.025793248352962605,0.012272872767972814,0.37861688676893634,0.6809999676588315
52461.5,asm,0.016519022486893145,0.006423791802191855,0.17669954685754727,0.2765137346487165
52472.5,asm,0.012892908290532835,0.006302883707924477,0.7373883203402619,0.7631638651609355
52484.5,asm,0.012597508561335997,0.003743985158520068,0.3030317499624227,0.3881288903298025
52492.5,asm,0.00890384472474734,0.002907878363992998,1.1174448732892244,0.5505354007591635
52498.5,asm,0.010187834065652273,0.003672499071465059,5.307061475086139,7.694540990007155
52529.5,asm,0.006337728514072541,0.0029085375094736856,0.006825760071862361,0.6116485704868996
52532.5,asm,0.009657952396273161,0.003748236722444685,1.5955157846790193,1.1582695227380047
52538.5,asm,0.007639738344154335,0.0036963465353015016,4.615204948635095,8.297888110974252
52542.5,asm,0.009330723682835633,0.00430069473351308,-0.0653353379398603,0.463617924058359
52543.5,asm,0.008496624801885065,0.0035215898387624296,2.3472040310503623,2.3265267270094956
52545.5,asm,0.012217970989000055,0.005722859220193888,14.749352154411687,132.90260129129896
52546.5,asm,0.008350171395765207,0.004021132100749808,0.5252612554000066,0.3826177090787374
52553.5,asm,0.03653333346048991,0.013866666158040365,0.7640449641374251,0.4743009516147191
52579.5,asm,0.02153044573288916,0.007582845909032059,24.609295929179115,334.16269457632035
52595.5,asm,0.029718860902150233,0.009618791653027111,6.652610798310822,10.880869668678473
52636.5,asm,0.030390927253945228,0.010758703732435943,0.6475704142190964,0.616819891683277
52651.5,asm,0.02170576129158957,0.010795683958279068,0.1559012493672556,1.2518986705706117
52662.5,asm,0.03656618091730865,0.014958670149170824,3.1125544106556817,7.738951719385643
52675.5,asm,0.06400000254313151,0.016266667048136393,0.19708028614869313,0.15228525250144478
52687.5,asm,0.009761971792485898,0.0038085214823294117,0.2393465965400738,0.30479738122899075
52689.5,asm,0.009402755897590074,0.004063550922343223,1.0189079911658763,0.8190376296584472
52690.5,asm,0.0064014459662028985,0.0029074011954686547,0.641977800337722,1.0800938557053725
52711.5,asm,0.021846174212255026,0.008452193989796828,2.351962892105285,3.2634432551215924
52728.5,asm,0.008283518296697745,0.003912631130162088,1.2776374478931178,1.325947744357414
52745.5,asm,0.010116040525142454,0.004704469216289299,1.6759252409040268,1.204614858049854
52769.5,asm,0.0571999994913737,0.025066666603088376,6.583333659296242,22.85143004753651
52791.5,asm,0.024325713043120617,0.01074130678507728,-8.639658227474074,32.88741732212192
52834.5,asm,0.02430572139508294,0.009361707030438999,7.3118668305869114,21.081529413277334
52888.5,asm,0.008488186369131739,0.0029447491596250206,0.6171395568342021,0.49167206754881043
52897.5,asm,0.006622846430845233,0.002804842136127831,3.623395653574334,5.289982054779618
52930.5,asm,0.0319939393713972,0.014549148293719755,1.9516214267838077,2.1094521068602945
52958.5,asm,0.027650437576568643,0.009398130956097856,1.4980579207278009,1.2672778360245929
52968.5,asm,0.06570122891988121,0.02888525361380674,-5.559112271513089,53.31025522125405
53015.5,asm,0.0237078921252606,0.009959365024373062,1.02706872156222,0.9113657739092554
53042.5,asm,0.024775543968898372,0.010421401433266782,1.0869061683799728,0.7122170158178276
53051.5,asm,0.011926809561925242,0.005837580394453182,0.7372876412593883,0.5336671071086103
53063.5,asm,0.01750519136790361,0.008621969860099629,0.888588508668049,1.6043056629069588
53075.5,asm,0.0538311759362576,0.020297562872191886,0.21646414583877424,0.2482045109425976
53108.5,asm,0.008883467766989192,0.003967775296174147,13.786424795729658,86.51905122723437
53111.5,asm,0.006780960247374198,0.0030096396895070163,-0.19434391751852584,0.473214998899269
53144.5,asm,0.008967984842065528,0.004361723889502238,5.05606210309413,17.723526112417087
53215.5,asm,0.014201600775724988,0.00698299043710563,0.5256565291886824,0.5346776430116964
53221.5,asm,0.028329472321559065,0.014066952871176474,1.2159587100787819,2.5668979457307257
53226.5,asm,0.019795215467601133,0.009465722369396079,0.2825715268450158,0.44011847736285375
53235.5,asm,0.046838838485733954,0.014918956930146023,1.348202504686678,1.6737763076151955
53236.5,asm,0.017437607748408114,0.007853332725170803,3.8950108362638507,10.458657896721865
53240.5,asm,0.011766213930935954,0.005025714628537461,2.214425423151249,4.33312682972659
53251.5,asm,0.009027165250887313,0.0036011753433628176,-4.451950700975507,8.84865515440976
53293.5,asm,0.012237290669362659,0.0044290524127521165,0.5585101451799842,0.7506493176140054
53295.5,asm,0.0076184601283333705,0.003695133001006216,0.9745297538133888,1.7930762876850037
53299.5,asm,0.010750939163444256,0.004831522096289132,0.4081941611710891,0.4338975173939651
53303.5,asm,0.021596829058842106,0.00965458208285424,0.9384393137936816,0.8123101331211439
53330.5,asm,0.09133333206176758,0.025199999809265138,0.45602606078213875,0.4377254823893914
53376.5,asm,0.039778767478904305,0.01501105214819512,-0.13864524818342833,0.2650627116129667
53393.5,asm,0.02366188427175096,0.010892764092672938,6.480526189419075,17.566252354786148
53406.5,asm,0.022129375229358306,0.008902281311482808,0.44370995368311134,0.3436281939962879
53417.0,bat,0.005023590909090909,0.001982272727272727,,
53418.0,bat,0.01779336363636364,0.0026123636363636366,,
53419.0,bat,0.023230318181818182,0.0029778181818181817,,
53420.0,bat,0.019252272727272726,0.006076,,
53421.5,asm,0.023727902544247073,0.009291046792842683,0.9787324555807805,0.7080622771540103
53422.0,bat,0.022827954545454547,0.005999590909090909,,
53424.0,bat,0.030477818181818182,0.0024566818181818184,,
53425.5,asm,0.017100070666626332,0.006518881471857238,2.7464676280903757,3.264702658638108
53430.0,bat,0.05477213636363637,0.004154272727272727,,
53432.0,bat,0.04021327272727272,0.008658181818181818,,
53434.0,bat,0.11412027272727272,0.00977640909090909,,
53434.5,asm,0.033820027942463235,0.016618680506826303,-2.277052549036613,1.9536378630884417
53435.0,bat,0.1286489090909091,0.0060285,,
53435.5,asm,0.0559959233834509,0.017153083704267238,3.207493034897027,4.084257160926285
53436.0,bat,0.14668463636363635,0.006303818181818182,,
53437.0,bat,0.17516404545454548,0.010733499999999998,,
53437.5,asm,0.1115999984741211,0.04933333396911621,-13.729729346588117,99.23758934096549
53438.5,asm,0.11862514703313326,0.009057794137807036,1.381060802777447,0.2503169029162232
53439.0,bat,0.2576145909090909,0.010900727272727272,,
53439.5,asm,0.20679379077419252,0.007611428772002179,0.958983939608398,0.08463174012763715
53440.0,bat,0.2510128181818182,0.11863159090909091,,
53440.5,asm,0.9241288255963358,0.009354445049505923,0.828195713240594,0.021343588749704413
53441.0,bat,0.16615222727272727,0.008941363636363636,,
53441.5,asm,0.987494171900856,0.009168060364595325,0.6024972843899025,0.015171019211466245
53442.0,bat,0.15482954545454547,0.011792045454545456,,
53442.5,asm,1.1884502252285272,0.013891054254425545,0.6181250068854769,0.01904224393024482
53443.5,asm,1.3332593580252747,0.008572630067336513,0.6728864045441881,0.011266232995661646
53444.0,bat,0.07972145454545455,0.012435954545454545,,
53444.5,asm,1.434929721229655,0.009228980826646986,0.6261804344991719,0.01018555318026366
53445.0,bat,0.08897195454545455,0.010594318181818182,,
53445.5,asm,1.722031225078764,0.009602493247531001,0.69369699697682,0.009533841238203904
53446.5,asm,1.7929198511048803,0.008297208892916968,0.7028834617087019,0.007881637407059681
53447.0,bat,0.046761363636363636,0.006057863636363636,,
53447.5,asm,1.7977227574055175,0.007843582960438316,0.721268716963738,0.007473715195363018
53448.0,bat,0.0892139090909091,0.007257,,
53448.5,asm,1.8499488534548383,0.009771188476127486,0.7294918392400938,0.009182970970964722
53449.0,bat,0.041314409090909096,0.008752090909090909,,
53449.5,asm,1.7967539055923483,0.009209306024642408,0.7698359122655165,0.009355469417517987
53450.5,asm,1.673137684899246,0.00807907649530826,0.7518179269207381,0.008791919414152383
53451.5,asm,1.6503988540176042,0.007592594383120281,0.7562022440836769,0.008311199924099616
53452.0,bat,0.028317636363636364,0.0036577272727272726,,
53452.5,asm,1.4498419927155584,0.007476413722770944,0.746252881208033,0.00937242859516525
53453.5,asm,1.3289924562012214,0.007926311939550302,0.7707341908048512,0.011278806189023605
53454.0,bat,0.038213863636363636,0.006154454545454545,,
53454.5,asm,1.1030437792661503,0.007114568574715022,0.6877632541941161,0.01104537188337051
53455.5,asm,1.0068064111418353,0.007253910429904535,0.7609526612187109,0.014113552831459555
53456.0,bat,0.01567968181818182,0.005530863636363636,,
53456.5,asm,1.0337049878121642,0.0061721310561228225,0.747140089391354,0.011397680268926996
53457.5,asm,0.928573385777258,0.00635800398653619,0.7330304647268963,0.012993230397772663
53458.5,asm,0.6975761713279505,0.008876453238834701,0.775492164285805,0.025957255985707924
53459.5,asm,1.051308694862228,0.006637767966021808,0.7446129079075109,0.011789629578408907
53460.5,asm,1.031488817197385,0.0063750036385749435,0.6833791663787808,0.011039635614741052
53461.5,asm,1.061605516093392,0.005790033414536582,0.6882019715516876,0.009740056228906007
53462.0,bat,0.03159413636363636,0.012085545454545455,,
53462.5,asm,1.06555481583785,0.008082280476603719,0.7051178459120477,0.01384357257834152
53463.5,asm,1.0905923456834674,0.008905779774633086,0.666672876916841,0.013978470860535762
53464.5,asm,1.1263300776245375,0.007987359607429271,0.6591541384422565,0.012114598906857635
53465.5,asm,1.1490195343559566,0.007759331873325837,0.6955857955763177,0.012044853370682366
53466.5,asm,1.177593031742978,0.00943135943982517,0.7136086430257094,0.014546939018473178
53467.5,asm,1.2026469760650103,0.007627488622193979,0.7207308615551097,0.011619324989678945
53468.0,bat,0.015093863636363636,0.006654318181818182,,
53470.0,bat,0.019396181818181816,0.004980909090909091,,
53471.0,bat,0.015833409090909092,0.007232227272727273,,
53475.0,bat,0.012730545454545454,0.003003045454545455,,
53475.5,asm,1.503891167546321,0.020699657247994222,0.7415738674438687,0.025432355497132065
53476.5,asm,1.5555956939234958,0.03292161004208432,0.7648626650035796,0.04216118267312785
53477.5,asm,1.5136136687074995,0.02551830255253478,0.6718210297273196,0.029003127004017654
53478.5,asm,1.6272000122070311,0.06306666692097981,0.8095130338221502,0.08501540386948515
53479.5,asm,1.5101676738958005,0.01571482915200935,0.7253175899027678,0.018748995770631355
53480.0,bat,0.018348090909090908,0.007017136363636364,,
53480.5,asm,1.5026436610220117,0.058905275030160416,0.7059317614442053,0.07211648248508949
53482.5,asm,1.6559995312775708,0.052595716649316324,0.7601963549364458,0.06335766613455271
53483.5,asm,1.4509815515710438,0.030293586987860124,0.5399596178707858,0.029724787820083424
53484.5,asm,1.4637403052162794,0.03638102845672713,0.5864945381720496,0.03842745760166594
53485.5,asm,1.4556853833635466,0.024688156240185926,0.5415424019041846,0.02299775577430841
53486.5,asm,1.3405258071590072,0.05365447287341003,0.49206200379745174,0.05218909752541085
53487.5,asm,1.663998370240102,0.033480252499948134,0.656617120891518,0.03416431557975162
53488.5,asm,1.5540962290909852,0.0345546926862116,0.6831558188808292,0.03932827619139941
53489.5,asm,1.5872899063404697,0.01854839306266701,0.6804939928467055,0.018880632962235785
53490.5,asm,1.5112953802432474,0.01366585378432035,0.6015053418118114,0.013454866250859513
53491.5,asm,1.576952359752589,0.008777793488826308,0.642480005856014,0.008794150570985731
53492.5,asm,1.557575250819948,0.008226271123048719,0.6853689641636631,0.00897517776338115
53493.0,bat,0.02030859090909091,0.009809454545454547,,
53493.5,asm,1.6438331570246014,0.009907876728776091,0.6686713067814714,0.010034497922413994
53494.5,asm,1.7478687101353672,0.012433986311679163,0.7123705398775017,0.012484838326511935
53495.5,asm,1.757215543791187,0.00907745936095333,0.711432944450535,0.008992813067538036
53496.0,bat,0.025924454545454546,0.0038996363636363634,,
53496.5,asm,1.7077086592624555,0.009929241435131944,0.6987607649507508,0.009745124097964247
53497.0,bat,0.04491336363636363,0.013683045454545453,,
53497.5,asm,1.7042318522187783,0.010380584344544098,0.6944680716326853,0.010252306313853198
53498.0,bat,0.02329,0.0104855,,
53498.5,asm,1.7829441573585234,0.009705824777601648,0.7216883439713019,0.009547509425725909
53499.5,asm,1.7426641415924504,0.01074284151610836,0.696057762153823,0.010570639180700584
53500.0,bat,0.5853404999999999,0.024570272727272725,,
53500.5,asm,2.6880489778977106,0.013571607579889629,0.8969720106997984,0.010180866560647941
53501.5,asm,2.448965399673177,0.011355093340932114,0.8578838975116141,0.008986464997096934
53502.0,bat,0.594266590909091,0.021356454545454547,,
53502.5,asm,2.8401204721913778,0.015359029233212125,0.8541348053977701,0.010420549367692199
53503.0,bat,0.3071500909090909,0.011470454545454546,,
53503.5,asm,2.5860691968393335,0.012764441027819203,0.8082717147912343,0.00897183685308823
53504.0,bat,0.22547822727272726,0.011000954545454545,,
53504.5,asm,2.155832394096417,0.010718358821448564,0.8205905444454118,0.009539345554444119
53505.0,bat,0.4108156363636364,0.026452227272727273,,
53505.5,asm,2.2923774231271294,0.014642887908620622,0.8002856928499765,0.011905715505664735
53506.0,bat,0.6733203181818181,0.02667059090909091,,
53506.5,asm,3.3181870759027974,0.02009403762318475,0.9125402075214617,0.011902390684131854
53507.5,asm,3.1249984427068487,0.018758061127902216,0.8793339243335385,0.011613386974862803
53508.5,asm,4.324376810321769,0.025898953940190303,1.1537857197793164,0.01484930017125201
53509.0,bat,0.7761062272727273,0.03462627272727273,,
53509.5,asm,3.44668014542278,0.017766421153229805,0.9765024629177866,0.011062228254983231
53510.5,asm,2.4880296413439873,0.03617279681925865,0.790656649618611,0.027982377208924537
53511.0,bat,0.3053417272727273,0.012757863636363637,,
53511.5,asm,2.591913022378702,0.016381616409705816,0.8364747721850788,0.011731773158628122
53512.0,bat,0.17974872727272725,0.009137772727272727,,
53512.5,asm,2.0794924495417306,0.020722935682113322,0.7771878499039778,0.019122559008243535
53513.5,asm,2.3002645784091467,0.013838536169195469,0.7715023374120514,0.010851707235150256
53514.5,asm,2.3417024739297942,0.012594804295464467,0.8553193432031182,0.010728695345432198
53515.5,asm,2.6859182007678326,0.014261443800993681,0.8617080633255595,0.01046320347779561
53516.5,asm,2.634049358859865,0.014634188938109178,0.7911123731482851,0.010088707332646954
53517.5,asm,2.4278375655845097,0.01338525217592184,0.7530087365776221,0.009718891424813525
53518.5,asm,2.148406989514257,0.011955617396983463,0.6935538315201479,0.009194347980773374
53519.5,asm,2.1227057338479876,0.010949152155450002,0.7558090631694082,0.00919444456647956
53520.5,asm,1.8966893127679194,0.00999876179030522,0.6808696534555977,0.008612479307786962
53521.5,asm,1.9111565644230049,0.011930056348508602,0.7111524087956391,0.010769423562649899
53522.5,asm,1.8369565041726192,0.013843101179360261,0.7051744243192505,0.013495252038667723
53523.5,asm,1.87001411475069,0.020405155434919137,0.7279719822781512,0.019654224115889136
53524.5,asm,1.7708359116571064,0.015258674117917117,0.8721815028237525,0.018480164218525143
53525.0,bat,0.2294315,0.009867227272727274,,
53525.5,asm,1.9584109450949059,0.016933478223608724,0.6755452242129131,0.01445146086362852
53526.0,bat,0.2267591818181818,0.010357636363636364,,
53527.0,bat,0.23734404545454546,0.01041081818181818,,
53527.5,asm,1.5754796230783936,0.018417905181365882,0.6687717815988967,0.01948577781166029
53528.0,bat,0.26648818181818185,0.03016190909090909,,
53528.5,asm,1.7037798507544035,0.023705795528866768,0.5961442617996895,0.021354132037607693
53529.0,bat,0.2030564090909091,0.018219272727272726,,
53529.5,asm,1.530342143880416,0.018726884663008748,0.6064622748496609,0.018927469204111518
53530.0,bat,0.24967959090909092,0.018286272727272727,,
53530.5,asm,1.6188698078441408,0.019734286166085992,0.6709463658369055,0.020960773321499503
53531.0,bat,0.2294660909090909,0.019196227272727275,,
53531.5,asm,1.50823146445235,0.015396482787724259,0.6045399705549047,0.01625487823515165
53532.0,bat,0.1431028181818182,0.03435736363636364,,
53532.5,asm,1.522567316284576,0.027854262382708446,0.7017296950622133,0.0331827259263082
53533.5,asm,1.345209396528161,0.016560969321508263,0.5741705059352458,0.019280882507224546
53534.5,asm,1.436760457113799,0.012995099885546044,0.7006019280234264,0.016865113520844074
53535.5,asm,1.306039084123268,0.00950634052234419,0.5435156446926896,0.010702807369214539
53536.0,bat,0.109558,0.011948954545454546,,
53536.5,asm,1.219904785638951,0.011051865748429115,0.5206704689729585,0.012625343488709004
53537.0,bat,0.118187,0.012053727272727273,,
53537.5,asm,1.1629927801575808,0.008995267494473519,0.48291910165585583,0.010270558992896925
53538.0,bat,0.09484868181818182,0.00829159090909091,,
53538.5,asm,1.0954429026161054,0.011220792293936917,0.48941695459621204,0.01488587731572927
53539.5,asm,1.146311783907936,0.01497326095274173,0.5944112051190718,0.023418618049310874
53540.0,bat,0.07938218181818182,0.010921772727272728,,
53540.5,asm,0.9497401343184003,0.010080535061970786,0.41879051222937713,0.013579679281945584
53541.0,bat,0.03961,0.009792863636363638,,
53541.5,asm,0.8096545272305263,0.009385672400330891,0.3601568049854412,0.0128129784454007
53542.5,asm,0.7714206343317994,0.009994814888739488,0.34707606178395306,0.014911698710189217
53543.5,asm,0.7131532113573951,0.009108629863473227,0.329774721919722,0.014113594624236154
53544.5,asm,0.7453465428287199,0.008661729522519212,0.37203003857606964,0.015383013383329452
53545.5,asm,0.7282462147598794,0.008430340693980245,0.393570609683459,0.015290045634969883
53546.5,asm,0.6536070203489524,0.009320498503576144,0.3307677152705027,0.016338229917452166
53547.5,asm,0.6612064451498338,0.010647763564400121,0.35418790146068835,0.01963843674481266
53548.5,asm,0.6619299452377999,0.006733653233288089,0.31995891725703735,0.012366676698176836
53549.5,asm,0.6411181662388648,0.006621551594384374,0.3376095137097901,0.01257399678754387
53550.5,asm,0.6500794498484584,0.006674769579678151,0.360413733550434,0.013567486617882438
53551.5,asm,0.6657527079192745,0.008379231326219002,0.37025180078376957,0.015960781614099716
53552.5,asm,0.6589922712239867,0.005530419865911247,0.3704469041211652,0.01100343819881163
53553.5,asm,0.6717104137640048,0.00656109325496076,0.36571878343752606,0.012909921188994804
53554.5,asm,0.6814152989746151,0.006080979152204255,0.3550779225011171,0.011161007343762292
53555.5,asm,0.6824098678918737,0.006218916421297297,0.37582646311894846,0.011499074162992685
53556.5,asm,0.7404225840341623,0.007319664771953566,0.40929696515164404,0.013195093861129298
53557.5,asm,0.7694998258106118,0.010969318069276826,0.4196162151622444,0.020523804154119037
53558.5,asm,0.7914618819057301,0.010071435320444215,0.4247394332111461,0.017725213936870952
53559.5,asm,0.7677439558685276,0.00846245682143194,0.3424470783812528,0.012560744942200608
53560.5,asm,0.8170639033436609,0.009402987552243584,0.37978707741323303,0.014481718926685478
53561.5,asm,0.9025897051753575,0.01294414408356397,0.5142142456152972,0.02248327719022714
53562.5,asm,0.8441663097384544,0.008591692732576059,0.4354245308462182,0.014356253857727423
53563.5,asm,0.8035672325926275,0.009325859850172346,0.38714593985992857,0.013865954704245577
53564.5,asm,0.8702992522518124,0.005944220358676864,0.4307339464507476,0.009159673783738876
53565.5,asm,0.8907450524738787,0.007386587976881977,0.4294506337522204,0.010765646209042821
53566.5,asm,0.8949541877293511,0.008829262985036113,0.4419241352820698,0.012874832180253256
53567.5,asm,0.9491537529275346,0.008012246545119273,0.4718545915393065,0.01191254807180363
53568.5,asm,0.8477786582203787,0.011266705803889878,0.36370798085867384,0.015269214766736487
53569.5,asm,0.9407846328655116,0.009751868104067418,0.4649579281463667,0.01465002705671392
53570.5,asm,0.9268692076549041,0.01749752665444565,0.4636695649598161,0.025662402778700764
53571.5,asm,0.8503326517703308,0.014176657053773863,0.44632285925971094,0.0219421137716553
53572.5,asm,0.9942071446927512,0.010666293722212984,0.4941145915142085,0.016149546894964194
53573.0,bat,0.010776772727272727,0.0025515,,
53573.5,asm,0.9190180480416471,0.015040718752859984,0.40929197630538977,0.019521116906729093
53574.0,bat,0.01815363636363636,0.0029246363636363636,,
53574.5,asm,1.0551736655305353,0.01182508499878771,0.4519143007289189,0.014485362386077913
53575.0,bat,0.03834690909090909,0.003683909090909091,,
53575.5,asm,1.0141455621256685,0.01350544805430921,0.4115513443319702,0.01595612667233782
53576.0,bat,0.02742822727272727,0.0024577272727272725,,
53576.5,asm,0.9914452254424625,0.010559618280150174,0.45466975353363986,0.01392335730433588
53577.5,asm,0.9512617290399544,0.021744056033427855,0.4317748320754477,0.0285208363910551
53578.5,asm,1.0639741106154093,0.017505071840161958,0.4861397606211883,0.02421384407831809
53579.0,bat,0.02425181818181818,0.006314772727272728,,
53579.5,asm,0.9177157507579489,0.020552658126890635,0.44245984161519814,0.029799062358586644
53580.0,bat,0.014662181818181817,0.002110318181818182,,
53581.0,bat,0.011223818181818182,0.0026850454545454547,,
53582.5,asm,0.8728492248150377,0.029082806562080177,0.33563419286728613,0.03557637216755263
53583.5,asm,0.9079942194430843,0.03294184460904295,0.47415493521062113,0.04889756477256453
53584.0,bat,0.039208045454545454,0.013925363636363637,,
53584.5,asm,0.99487337341886,0.01679229944390596,0.4463636594336159,0.02298331918313074
53585.5,asm,0.8717765601099174,0.02201089137215417,0.3798124444570131,0.02918909375498381
53586.5,asm,0.8802065504201776,0.015629828185764184,0.3721481187101193,0.02164543647647245
53587.5,asm,0.8266465209585353,0.01898027698284238,0.3145397023002174,0.02377017679754742
53588.5,asm,0.8749311591853405,0.009943536786504724,0.3774709963937876,0.013389423838643503
53589.5,asm,0.8240622366718653,0.03318090958054808,0.4881016759802583,0.055961611316668984
53590.5,asm,0.9248104227243698,0.01688085777126207,0.36157524326228313,0.021566777461995642
53592.5,asm,0.8522615188532291,0.011506124247126335,0.3797840297680387,0.016419829326980474
53593.5,asm,0.8093576376401568,0.009513754137033115,0.37720202924332297,0.013679189712335709
53594.5,asm,0.8007141313374975,0.008109937216051945,0.3836496048545027,0.012124894390302093
53595.0,bat,0.019720181818181817,0.004676499999999999,,
53595.5,asm,0.795992607508103,0.0067683058225433594,0.39211696337432395,0.01049306247326589
53596.0,bat,0.07281868181818182,0.01774531818181818,,
53596.5,asm,0.8082210418005148,0.008282420452876384,0.3897885688755175,0.012641099893787444
53597.5,asm,0.8019542589624948,0.00800130008345643,0.39221826036687535,0.012149400764939998
53598.5,asm,0.8000945880233917,0.008038235427456132,0.4010151210609324,0.01238509110197708
53599.0,bat,0.12201663636363635,0.03574890909090909,,
53599.5,asm,0.9658987461721789,0.008786161634906245,0.5905669823731645,0.01643258854539674
53600.0,bat,0.1064170909090909,0.0062763181818181815,,
53600.5,asm,0.8647409349778752,0.009200435372151101,0.4425687117249763,0.01428413343105622
53601.0,bat,0.08593536363636364,0.0184095,,
53601.5,asm,0.8293460574921627,0.007398682920888019,0.42077781221766497,0.01150008350185279
53602.0,bat,0.09914909090909091,0.01245659090909091,,
53602.5,asm,0.777810795770233,0.005759065423113388,0.3747529287782223,0.009065124300365707
53603.0,bat,0.07364263636363637,0.007166227272727273,,
53603.5,asm,0.7503699684036581,0.005771124785368612,0.40300991230626276,0.009937678538171752
53604.0,bat,0.0598485,0.024952545454545456,,
53604.5,asm,0.7359006059087996,0.004805980234954571,0.38732283974146925,0.008383882857845283
53605.0,bat,0.03628013636363636,0.004300818181818182,,
53605.5,asm,0.6480763607985508,0.005435067867223619,0.345197011993611,0.010413232890294168
53606.5,asm,0.6211108982270184,0.005522526757718815,0.330538199644036,0.010587508445186125
53607.5,asm,0.5957266376377568,0.00550840695033454,0.3357313022013864,0.01111586845578742
53608.0,bat,0.025514545454545453,0.0123415,,
53608.5,asm,0.5724915774503835,0.0046111963122860596,0.33208953903495203,0.00985544347867106
53609.0,bat,0.024179272727272726,0.004656954545454546,,
53609.5,asm,0.5305296773857733,0.0048412508862947625,0.32446319056513073,0.01119222067256086
53610.0,bat,0.01512881818181818,0.004434272727272728,,
53610.5,asm,0.507645399621964,0.0055071828425147995,0.3362153716121265,0.013847929896404963
53611.0,bat,0.01897072727272727,0.0038120454545454547,,
53611.5,asm,0.4913422498764833,0.004788321106948848,0.29963335422667603,0.012207895846044705
53612.0,bat,0.010010499999999999,0.0029189545454545453,,
53612.5,asm,0.48481213342748364,0.004752966789746108,0.31273871967888084,0.012949925090570151
53613.5,asm,0.4484920287478552,0.005142547705495518,0.31944560167736624,0.01578385373846466
53614.5,asm,0.43376931081005304,0.005375601015699384,0.31116068273148756,0.017285437536033385
53615.5,asm,0.41640420137121165,0.005699638509016085,0.32100574533360476,0.019447457519391108
53616.5,asm,0.3652325739327234,0.005894249701497761,0.22539389191674675,0.019080787430273638
53617.5,asm,0.35535859618981186,0.008898592170190442,0.2230595981476593,0.02625339920076523
53618.5,asm,0.313590400797041,0.006527090347276969,0.229749279974415,0.023519140350936708
53619.5,asm,0.29911234890504984,0.007649792653394314,0.15148625594929188,0.02745075024580741
53620.5,asm,0.2899485997024397,0.02261722430868685,0.288318525461159,0.09960908368735492
53621.5,asm,0.27547560460797677,0.013389354965660776,0.23855715725405582,0.05192239668370496
53622.5,asm,0.26508591195928827,0.00712319039480225,0.24854267377358646,0.033330620179268154
53625.0,bat,0.03968909090909091,0.005660636363636363,,
53625.5,asm,0.2433696632419753,0.010595864615077593,0.2696367324515018,0.056059085402400066
53626.5,asm,0.18960000356038412,0.02453333377838135,0.3217623710916223,0.14818502823701926
53627.0,bat,0.04259277272727272,0.002995409090909091,,
53628.0,bat,0.09283168181818181,0.006682272727272728,,
53629.0,bat,0.10647413636363637,0.004432227272727273,,
53629.5,asm,0.11213333129882813,0.01786666711171468,0.817204284535652,0.32790226114814713
53630.0,bat,0.10343640909090909,0.005965272727272727,,
53631.0,bat,0.10869704545454545,0.006139181818181819,,
53632.0,bat,0.12506190909090908,0.007954000000000001,,
53632.5,asm,0.09209079673485109,0.009741630974791743,0.718449365584267,0.21120071344204902
53633.0,bat,0.09922318181818182,0.005253227272727272,,
53633.5,asm,0.05881562755608801,0.009499142052173897,1.082104177343202,0.43120777278518174
53634.0,bat,0.0988795909090909,0.00435190909090909,,
53635.0,bat,0.07461027272727273,0.0037553636363636365,,
53635.5,asm,0.026735347055440967,0.00851440298548437,-6.131900934108622,14.317908320632224
53636.0,bat,0.05969481818181818,0.003932863636363636,,
53637.0,bat,0.06179813636363636,0.006364909090909091,,
53639.0,bat,0.03571040909090909,0.002797818181818182,,
53640.0,bat,0.03208640909090909,0.0035115,,
53640.5,asm,0.02502986572277748,0.006823216133926069,2.271476551411156,3.2943724165664445
53643.0,bat,0.022342636363636363,0.004348909090909091,,
53646.0,bat,0.013410454545454545,0.005373090909090909,,
53646.5,asm,0.016304591461704144,0.007587232561718696,2.7196341129394357,5.683142249101488
53649.0,bat,0.0342485,0.011032727272727272,,
53650.5,asm,0.007721203995693458,0.0034296634579650998,0.4089580302895727,0.4479515952472307
53662.5,asm,0.011428507337676324,0.00482039322119827,6.732320042261201,25.442602171427406
53664.5,asm,0.015583536361504597,0.006667829783300611,0.42154608446518455,0.46138324683415677
53669.5,asm,0.008756684147691533,0.00421583132680524,-0.7709370199379021,0.9498790636260076
53675.0,bat,0.006052909090909091,0.0029725454545454543,,
53676.5,asm,0.03434386486961914,0.01571869746819396,1.9329893982155384,2.422594413926464
53795.0,bat,0.010538818181818182,0.0051545,,
53798.5,asm,0.01575637568443979,0.005292426423658401,0.51490627693093,0.38315912005451835
53812.0,bat,0.015832227272727272,0.005408681818181818,,
53819.0,bat,0.008452863636363635,0.0035237727272727274,,
53851.0,bat,0.008195090909090909,0.004097227272727272,,
53858.5,asm,0.013325224101796953,0.004967027961097898,1.0051728965742872,1.1336751959299625
53873.0,bat,0.018455045454545453,0.0069422727272727275,,
53878.0,bat,0.017543636363636362,0.007815636363636363,,
53902.5,asm,0.022137386864257983,0.006802117045368572,0.4169627671025244,0.4425444258736661
53994.0,bat,0.013245454545454545,0.004402863636363636,,
53996.0,bat,0.015603045454545455,0.005487818181818182,,
54011.0,bat,0.014581136363636364,0.005831227272727273,,
54035.5,asm,0.028278947276815115,0.012756280179138936,-0.013517904985536611,0.32457246410080665
54046.5,asm,0.02937119170889907,0.01014458874272514,1.5644127629256181,1.580164119610973
54052.5,asm,0.020522083462177758,0.007600531811726169,1.9867237278572059,1.3951442232372007
54053.5,asm,0.029770855982586563,0.007851634946047063,0.7145064941106726,0.4200040407988028
54058.5,asm,0.03225061744827929,0.01451246637142121,0.5417308254866049,0.79593345191312
54095.0,bat,0.021369363636363634,0.0086,,
54104.0,bat,0.0841985,0.038479181818181815,,
54118.5,asm,0.01443126336991629,0.00611344321465047,0.8569316155394006,1.483902562557264
54142.5,asm,0.02747485004058438,0.012348928919719098,0.17931907577424697,0.41185598460260264
54157.0,bat,0.011396,0.005390636363636363,,
54170.0,bat,0.01423609090909091,0.006222636363636363,,
54177.5,asm,0.02350802976603276,0.010125742083376306,-0.420210975290812,0.9302184950603053
54180.5,asm,0.021146512359614504,0.010115113703164645,-4.9111307831639985,8.872739362331105
54193.5,asm,0.034470262145348284,0.014651396729373696,0.15871711991435553,0.35471227535330646
54197.0,bat,0.02370531818181818,0.010041272727272727,,
54204.5,asm,0.017989535642094198,0.006631301230719333,3.811955731053627,4.966423389965967
54211.0,bat,0.0162605,0.0068253181818181815,,
54215.0,bat,0.00920090909090909,0.00444740909090909,,
54216.0,bat,0.011979,0.005943409090909091,,
54277.0,bat,0.013974136363636362,0.006052954545454545,,
54282.5,asm,0.025888411686935838,0.007711045509407793,1.2640850935150396,0.8120421637000889
54289.5,asm,0.019610136964306905,0.008012310383728875,1.620525862240029,1.5613823819148789
54297.5,asm,0.025099985448784858,0.007952383057320815,0.6520022030248559,0.6074785323562504
54307.0,bat,0.012956227272727274,0.005233227272727273,,
54308.5,asm,0.012513100160487739,0.004501162952814747,3.413066230415055,3.227087921085152
54331.5,asm,0.019411898920585643,0.004595807736247626,0.6577963628334995,0.3003858902148411
54333.5,asm,0.018572038313458012,0.0075909285401211555,0.42522481331786727,0.5090495360036543
54334.5,asm,0.01900688638696619,0.006986726034112225,1.2664364037436568,1.124006140718388
54343.5,asm,0.018505560380673358,0.0069347640759666014,9.388614540202504,26.811400315614716
54345.0,bat,0.011616681818181818,0.004424772727272728,,
54355.5,asm,0.014330754102314653,0.006466581160982706,-22.605795903096112,85.47194085152576
54363.5,asm,0.025136280132498242,0.011825212173837644,3.256322361677888,5.722873161681081
54366.5,asm,0.0117421964510626,0.005352541113670672,1.5661679119974898,3.365936542508977
54387.0,bat,0.0071084090909090914,0.0033880454545454543,,
54388.0,bat,0.009854,0.0038430454545454545,,
54406.5,asm,0.031310840892002006,0.007147638852083615,0.09695137310841515,0.18921305669182115
54411.5,asm,0.021034513068859267,0.008464646830812704,0.5811734304602885,0.4977523986401138
54416.5,asm,0.023145609461069593,0.009959578220978144,0.9716155926943759,0.6730655891773364
54421.5,asm,0.01681542619642675,0.007506472078162804,0.1721401671759487,0.4133096026502472
54422.5,asm,0.017995816898284226,0.006964099139885177,0.6956518018583263,0.6354172001518443
54423.5,asm,0.02088611027948517,0.005946785192625925,0.3543077887477961,0.20274282988910644
54424.5,asm,0.01858442541582716,0.008418578462068007,-0.16378838671342796,0.25513052989177376
54425.5,asm,0.03048420565605557,0.008007251556820591,0.6539617502361786,0.7047974481420692
54439.5,asm,0.06653333028157551,0.02759999910990397,0.08990826177713453,0.19379924631248005
54441.5,asm,0.11199999491373698,0.031866668065389,0.0,
54462.5,asm,0.03136782404814604,0.011168586938420563,0.24516284916348122,0.2372960142110428
54483.0,bat,0.007882681818181818,0.003685318181818182,,
54517.5,asm,0.014785427084884211,0.00595102167720819,1.376086247705596,1.2728524864392738
54539.0,bat,0.005874136363636364,0.0029294090909090906,,
54542.0,bat,0.008899409090909092,0.0033425909090909088,,
54544.0,bat,0.017846136363636363,0.005033863636363637,,
54552.5,asm,0.015005203736448702,0.006970672026323547,1.9344857616714886,2.3067731930213906
54569.5,asm,0.011265858617283964,0.00475184674851955,2.3016824649951317,1.610144029003612
54585.5,asm,0.012399784870295371,0.004249082406853403,0.7093491344088164,0.7184173689021768
54593.0,bat,0.0073765,0.0036795454545454544,,
54617.5,asm,0.01315200553641855,0.005817181184872766,1.15836259196644,0.9980080821487265
54624.5,asm,0.012497421034066666,0.004897946595559862,0.8104535167895879,0.8991342197753759
54633.5,asm,0.022792701558026686,0.0061140829294012156,2.03505841017951,1.278574368962596
54639.5,asm,0.03409338508008459,0.013761467944827563,0.5592202256715552,0.4699625613650354
54648.5,asm,0.03691043885360875,0.013425382874206093,0.8076314773854598,1.1132577901695082
54650.5,asm,0.046117381284254085,0.02030008691590929,1.7032635786231323,1.2766034267642894
54652.5,asm,0.020228245388665453,0.007787211625198817,1.2325262297896566,1.036097236956489
54662.5,asm,0.014002430869429726,0.0057854669143837,4.586286683846503,9.881981212982627
54664.5,asm,0.020285663876107814,0.008880848720277931,0.7778932265424171,0.7549448530836268
54665.5,asm,0.015087929569242438,0.005361177510781395,16.68372979989367,62.328169550369985
54674.5,asm,0.009515942530275141,0.004459871723746434,0.4713943731504564,0.770150498905292
54676.0,bat,0.008906636363636365,0.0033478181818181814,,
54676.5,asm,0.02262830966149901,0.008614472737084947,0.7643506816376273,0.7553812167208204
54677.0,bat,0.009201363636363638,0.003868863636363636,,
54680.5,asm,0.020567717181908897,0.005615531890663227,49.887211997423314,472.1235068412049
54689.5,asm,0.014322277725601306,0.006328201447633095,1.47618706400802,1.1081474369249324
54690.5,asm,0.0102427640426419,0.004628455155194763,0.652671251308013,0.6474683521788601
54691.5,asm,0.01217681408859029,0.005933138605257169,0.7979844507177947,0.9301249829725508
54692.5,asm,0.013400639605940118,0.005330839974952219,2.2734827568134013,1.8455587399130433
54697.0,bat,0.0096595,0.004376772727272727,,
54698.5,asm,0.01655285816820796,0.007713489340202169,0.25464999803811245,0.3410129149638146
54713.5,asm,0.01655336418712115,0.0071580247902733795,0.6706541085425733,0.6445228733881504
54714.5,asm,0.017709500750908245,0.007254025571528255,0.8110382857649965,0.7835505932881772
54724.5,asm,0.012686713814862801,0.00422928400442281,0.9287956084815018,0.7958979925652717
54728.5,asm,0.019293896362237956,0.004138513144403612,2.6600331086712647,1.1888568614658506
54729.5,asm,0.011476828694238675,0.004602856548040235,1.6708772356388746,1.895017139688242
54730.5,asm,0.01788166280209122,0.006855913086257684,3.16580503905595,4.510271459343631
54733.5,asm,0.011097471350244198,0.0045911432120928075,0.5014218433483031,0.47283478639876186
54747.5,asm,0.019765931920332453,0.007671540657476156,-0.06708527666535438,0.339979491830184
54748.0,bat,0.007303318181818182,0.0027733636363636363,,
54754.0,bat,0.006729636363636363,0.003259136363636364,,
54755.5,asm,0.020601173337090852,0.0075979056450692275,2.5763197568697174,2.699637920832155
54766.5,asm,0.022103642846207826,0.010072526895133398,-1.3614136086702997,1.4580134148812265
54804.5,asm,0.08417989606313192,0.018378369007327276,0.23801578193912376,0.12801518414997562
54848.5,asm,0.029753121593224036,0.009493021915056162,1.210641679343238,0.7443166598248193
54854.5,asm,0.03934323015952023,0.013501824271272531,1.831625741770181,1.409754315312147
54866.5,asm,0.018812907896748447,0.008780463353802413,-0.36757851431528293,0.3609453738694207
54869.5,asm,0.02544757244983271,0.011055872396752759,-2.4899831144449394,2.3223758388654074
54874.5,asm,0.026162631803839053,0.009187186843148351,1.5777505265880756,0.9513599693926941
54881.5,asm,0.01745237890573466,0.006386620227400514,0.9456956807800821,0.617587864606397
54901.5,asm,0.016459514938076816,0.007678313295905529,-42.89190623533243,978.4793974689085
54902.5,asm,0.026349616171823912,0.01197521133880911,-0.33075356847972565,0.7167025308146243
54938.5,asm,0.02101757585331548,0.007591952687595415,1.500336251328708,1.5145255924961931
54961.5,asm,0.025293973097535585,0.008374279951240673,2.8822000748311227,3.4501405364499407
54971.5,asm,0.03459627811436359,0.015288149572689732,0.568230697941887,2.144537132810587
55013.5,asm,0.07628558513346957,0.013157211127886672,1.2435875003563348,0.7054111748287446
55014.5,asm,0.036963189459263815,0.013032159896092351,0.627031535079999,0.4394390149081419
55029.5,asm,0.027194039830698388,0.007298586224694471,0.6183997229592925,0.3628883327878392
55033.5,asm,0.023022870165569226,0.010194155927898413,0.137817902891139,0.21788701247576064
55041.5,asm,0.024656886364697456,0.009876631065961,0.7509331531461185,0.6640049074748161
55047.0,bat,0.013634863636363636,0.004184318181818182,,
55053.5,asm,0.034607239317274614,0.009431254267733174,3.1250463469798704,2.8023417299083198
55062.5,asm,0.03042183623864829,0.011877948691896897,0.7676727927454933,0.5172434956962663
55071.0,bat,0.02020890909090909,0.007830636363636363,,
55083.0,bat,0.011433954545454546,0.0040765,,
55085.0,bat,0.013899818181818183,0.006570909090909091,,
55119.5,asm,0.033331540346142136,0.009220364328950171,2.489351943292762,2.0167072437037574
55125.5,asm,0.028434583209933965,0.012748071871864754,0.5539041897424366,0.47919415081978056
55128.5,asm,0.029347009639009495,0.00993510107600395,1.9986880514831762,1.1682470698714904
55129.5,asm,0.06744045593937852,0.01199837086761955,0.1131681986289117,0.10068861905062286
55132.0,bat,0.011098681818181818,0.005050954545454546,,
55162.5,asm,0.030915335071732185,0.011277909824726352,0.777165632352943,0.5654725130015544
55171.0,bat,0.5083473181818182,0.23101009090909091,,
55175.5,asm,0.1015999984741211,0.04,0.10893245825233681,2.6995779987972677
55184.0,bat,0.07392877272727273,0.03511022727272727,,
55204.0,bat,0.02540631818181818,0.011943500000000001,,
55229.0,bat,0.011180727272727273,0.0035041363636363634,,
55232.0,bat,0.022187863636363634,0.00570840909090909,,
55234.5,asm,0.03479999860127767,0.0171999994913737,0.6130952402070807,0.538957087086487
55241.0,bat,0.010698590909090908,0.004853,,
55256.0,bat,0.010686,0.0033302727272727273,,
55257.0,bat,0.007452227272727273,0.0036961363636363637,,
55263.0,bat,0.012767136363636362,0.0052920909090909095,,
55264.0,bat,0.011889272727272726,0.003795318181818182,,
55265.0,bat,0.0060855,0.002880318181818182,,
55280.5,asm,0.01684083432145606,0.007701373504580382,0.00944151181006961,0.36764082302014833
55286.5,asm,0.02946666717529297,0.012533333301544188,1.0750000018626449,0.9648745045064973
55288.0,bat,0.02242413636363636,0.010723909090909091,,
55306.5,asm,0.03958841922185044,0.013009739969779248,1.3272886292262898,1.1421437152836105
55309.5,asm,0.028499423570020634,0.012801026268725035,1.3424873362846623,1.3743062346345785
55330.5,asm,0.027753439130169782,0.0115335197555794,2.6036127927834225,2.656496482055836
55332.0,bat,0.008451409090909091,0.004168272727272727,,
55365.0,bat,0.020011863636363637,0.007308045454545454,,
55380.5,asm,0.0689350883857655,0.028282385681859767,-0.15191552114418744,0.42001057762855776
55382.5,asm,0.04035337343002078,0.017870858912174825,0.12629500709204525,0.5675967481571986
55383.5,asm,0.024667663548101994,0.00894787873574446,0.5862812592347507,0.5559290708201718
55392.5,asm,0.053963748237445014,0.01950403311072051,1.0027928705868,0.8093282711192814
55428.5,asm,0.039440298548499134,0.01601471826300346,0.9188828100102979,0.756263459948879
55429.0,bat,0.017082999999999997,0.007054590909090909,,
55434.0,bat,0.01718181818181818,0.006291954545454545,,
55439.0,bat,0.025108636363636364,0.011796681818181819,,
55445.0,bat,0.024308727272727274,0.009353590909090909,,
55447.0,bat,0.012824045454545456,0.006303090909090909,,
55453.0,bat,0.022471863636363637,0.007635954545454546,,
55502.0,bat,0.015459409090909091,0.005649772727272727,,
55622.0,bat,0.009223727272727272,0.004388090909090909,,
55643.5,asm,0.09028838148871171,0.032163941207774494,0.906525119175336,0.865008202357952
55687.5,asm,0.041754599927799674,0.01981292359783456,0.24455309285554522,0.39169337981924457
55702.5,asm,0.06548034841393659,0.02428475706231265,0.6350455769081317,0.43796511467255295
55709.0,bat,0.0129785,0.006239454545454545,,
55709.5,asm,0.13346666971842447,0.03293333371480306,2.3589743634529645,1.2866783882765587
55729.0,bat,0.020758909090909092,0.0071790454545454544,,
55729.5,asm,0.08361630625838488,0.026188754573324823,15.626630141679756,59.61550081528155
55734.5,asm,0.11813332875569661,0.043866666158040364,8.21333312988281,18.224266877088063
55758.0,bat,0.010178454545454544,0.004345590909090909,,
55767.5,asm,0.1403999964396159,0.055866667429606116,9.626666386922201,25.379273480697403
55896.0,bat,0.030763181818181818,0.014122681818181819,,
55924.0,bat,0.023113409090909094,0.009571909090909091,,
55945.0,bat,0.029154863636363635,0.010380863636363636,,
55947.0,bat,0.00811790909090909,0.0035996818181818183,,
55983.0,bat,0.008484363636363635,0.003788727272727273,,
55997.0,bat,0.010771363636363638,0.004055636363636364,,
56004.0,bat,0.010299772727272727,0.003964,,
56013.0,bat,0.006376545454545455,0.002864636363636364,,
56066.0,bat,0.010490227272727274,0.0050672727272727276,,
56252.0,bat,0.04092627272727273,0.018067045454545454,,
56294.0,bat,0.016749772727272728,0.008172363636363636,,
56299.0,bat,0.019273363636363637,0.008853727272727274,,
56307.0,bat,0.02508440909090909,0.012486272727272728,,
56492.0,bat,0.01640009090909091,0.007323227272727273,,
56517.0,bat,0.011644136363636363,0.005228136363636364,,
56525.0,bat,0.016686454545454546,0.006349772727272727,,
56615.0,bat,0.03071981818181818,0.014948454545454546,,
56666.0,bat,0.020951318181818182,0.010133954545454545,,
56700.0,bat,0.00837759090909091,0.003980409090909091,,
56705.0,bat,0.01660940909090909,0.005843363636363636,,
56708.0,bat,0.015342681818181818,0.005029454545454545,,
56723.0,bat,0.009873045454545454,0.004490363636363636,,
56949.0,bat,0.010935545454545455,0.005119909090909091,,
56963.0,bat,0.015728772727272727,0.0066563636363636365,,
56967.0,bat,0.013622545454545455,0.005629227272727273,,
56977.0,bat,0.029777772727272726,0.011681227272727274,,
57080.0,bat,0.00820840909090909,0.003946863636363636,,
57106.0,bat,0.01040259090909091,0.004855590909090909,,
57148.0,bat,0.012145909090909091,0.005099090909090909,,
57153.0,bat,0.011635181818181819,0.0051245909090909085,,
57169.0,bat,0.01867959090909091,0.006819,,
57243.0,bat,0.014613681818181817,0.006398318181818182,,
57246.0,bat,0.010839181818181819,0.0040388636363636364,,
57267.0,bat,0.012440181818181817,0.004111636363636363,,
57274.0,bat,0.012934454545454544,0.0038487272727272728,,
57308.0,bat,0.013225772727272727,0.006238545454545454,,
57338.0,bat,0.019688727272727274,0.00917,,
57346.0,bat,0.09289081818181819,0.04038022727272727,,
57378.0,bat,0.03605731818181818,0.017174318181818183,,
57388.0,bat,0.02999109090909091,0.012488363636363636,,
57418.0,bat,0.012152727272727272,0.0058615,,
57420.0,bat,0.014298136363636365,0.007055454545454546,,
57438.0,bat,0.007007318181818181,0.0035012727272727274,,
57458.0,bat,0.014228727272727271,0.006501636363636364,,
57536.0,bat,0.015174,0.004929909090909091,,
57595.0,bat,0.01225459090909091,0.005008545454545455,,
57617.0,bat,0.016314954545454546,0.006704818181818182,,
57620.0,bat,0.01884240909090909,0.007479,,
57631.0,bat,0.01878831818181818,0.00817809090909091,,
57675.0,bat,0.010895,0.005379090909090909,,
57779.0,bat,0.009483272727272727,0.0043518181818181815,,
57793.0,bat,0.011173090909090909,0.005455954545454545,,
57865.0,bat,0.01698181818181818,0.005794227272727273,,
57869.0,bat,0.011051636363636364,0.004300590909090909,,
57954.0,bat,0.012059136363636364,0.0055309090909090915,,
57993.0,bat,0.017193454545454546,0.006665090909090909,,
58025.0,bat,0.010831,0.005199863636363636,,
58037.0,bat,0.011150181818181818,0.005133363636363636,,
58162.0,bat,0.01051518181818182,0.004572954545454546,,
58265.0,bat,0.017755136363636362,0.008099863636363636,,
58282.0,bat,0.017059954545454545,0.007044181818181818,,
58535.0,bat,0.013933136363636365,0.0056305,,
58583.0,bat,0.015482500000000001,0.006530136363636363,,
58630.0,bat,0.08938277272727273,0.03339104545454545,,
58671.0,bat,0.025820000000000003,0.01255140909090909,,
58780.0,bat,0.01200831818181818,0.005927636363636363,,
58792.0,bat,0.03437595454545455,0.013917272727272728,,
58856.0,bat,0.042778590909090905,0.015758636363636364,,
58907.0,bat,0.021192590909090907,0.007629954545454546,,
58963.0,bat,0.01628831818181818,0.006603954545454546,,
58974.0,bat,0.016522136363636364,0.007617954545454546,,
59017.0,bat,0.013927272727272727,0.0066890454545454545,,
59037.0,bat,0.026474818181818183,0.011359045454545455,,
59083.0,bat,0.021047954545454543,0.010279272727272727,,
59107.0,bat,0.020849590909090908,0.00988331818181818,,
59112.0,bat,0.028284454545454547,0.011352181818181817,,
59161.0,bat,0.020607181818181816,0.009328454545454546,,
59195.0,bat,0.2556597272727273,0.10226390909090909,,
59269.0,bat,0.02555890909090909,0.006754545454545454,,
59275.0,bat,0.026791090909090907,0.008741272727272728,,
59372.0,bat,0.01744740909090909,0.008690181818181817,,
59374.0,bat,0.029112363636363638,0.013448454545454546,,
59458.0,bat,0.015717636363636364,0.006662227272727273,,
59581.0,bat,0.021562,0.009996590909090908,,
59637.0,bat,0.02373390909090909,0.010650954545454545,,
59658.0,bat,0.0522075,0.018505545454545455,,
59680.0,bat,0.02358172727272727,0.011502818181818182,,
59689.0,bat,0.026695363636363635,0.009494954545454544,,
59783.0,bat,0.03322527272727273,0.011711136363636365,,
59787.0,bat,0.03415304545454546,0.012728272727272727,,
59828.0,bat,0.029080227272727275,0.009831772727272727,,
59830.0,bat,0.03611386363636364,0.009106727272727273,,
59855.0,bat,0.012841454545454545,0.006148681818181818,,
60009.0,bat,0.017334000000000002,0.007667090909090909,,
60029.0,bat,0.02202331818181818,0.009519454545454546,,
60031.0,bat,0.075862,0.028474363636363638,,
60035.0,bat,0.07044486363636364,0.02564227272727273,,
60039.0,bat,0.06455468181818182,0.02750486363636364,,
60069.0,bat,0.0430645,0.014332545454545454,,
60074.0,bat,0.026415045454545455,0.010877863636363635,,
60081.0,bat,0.15522818181818182,0.0765120909090909,,
60140.0,bat,0.02613822727272727,0.012215409090909091,,
60154.0,bat,0.05313645454545455,0.02352222727272727,,
60195.0,bat,0.06036718181818182,0.01841509090909091,,
60196.0,bat,0.045952318181818184,0.017246454545454544,,
60199.0,bat,0.09834545454545454,0.024558045454545457,,
60250.0,bat,0.14576913636363636,0.062275363636363636,,
60258.0,bat,0.03437077272727273,0.014423,,
60314.0,bat,0.055913818181818176,0.023521363636363635,,
60316.0,bat,0.09407254545454545,0.03667904545454545,,
60357.0,bat,0.11134518181818182,0.026687045454545456,,
60358.0,bat,0.05308940909090909,0.012901181818181819,,
60363.0,bat,0.022865954545454547,0.009163636363636363,,
60368.0,bat,0.023222636363636362,0.009553227272727274,,
60439.0,bat,0.02065409090909091,0.008210363636363635,,
60510.0,bat,0.06652995454545454,0.025126545454545453,,
60537.0,bat,0.031509045454545456,0.015375818181818181,,
60539.0,bat,0.018538136363636364,0.00842131818181818,,
60578.0,bat,0.037011999999999996,0.012220181818181818,,
60602.0,bat,0.014866181818181818,0.007394318181818182,,
60611.0,bat,0.025898,0.011498954545454547,,
60644.0,bat,0.1288025909090909,0.049578454545454544,,
60726.0,bat,0.04934295454545455,0.015823818181818182,,
60760.0,bat,0.021010863636363633,0.009804363636363635,,
60780.0,bat,0.020843818181818182,0.009818272727272728,,
60784.0,bat,0.03182972727272727,0.012521636363636365,,
60790.0,bat,0.018300636363636363,0.009030454545454546,,
60844.0,bat,0.030211545454545456,0.01508259090909091,,
60990.0,bat,0.07308540909090909,0.02294672727272727,,
60997.0,bat,0.12929668181818182,0.05627,,
