name,Lr,Lx,ledd,M,M_err,Rs_km,spin,spin_meas,tier,phi_low,phi_mid,phi_high
4U 1543-47,2.31e+30,9.83e+35,0.0016599121918270854,9.4,1.0,27.767672723016332,0.8,True,gold,7.535640058536903,16.85020342485901,33.70040684971802
A0620-00,2.4157107e+26,7.476975899999999e+30,1.7982145021645022e-08,6.6,0.25,19.496451060841252,0.12,True,gold,51.23464987926721,114.56415993344288,229.12831986688576
A0620-00,1.4927177e+26,1.7992938e+31,4.3273059163059165e-08,6.6,0.25,19.496451060841252,0.12,True,gold,34.708137498498495,77.60975481905214,155.21950963810428
GRO J1655-40,1.16e+29,2.69e+35,0.0007907113462669017,5.4,0.3,15.951641777051934,0.7,True,gold,5.0979786829945795,11.39942688302073,22.79885376604146
GRO J1655-40,1.53e+29,2.69e+35,0.0007907113462669017,5.4,0.3,15.951641777051934,0.7,True,gold,5.621255784426692,12.569510052891987,25.139020105783974
GRO J1655-40,1.65e+29,5.5e+35,0.0016166960611405056,5.4,0.3,15.951641777051934,0.7,True,gold,4.827858950369822,10.795420798807704,21.59084159761541
GRO J1655-40,1.58e+29,9.32e+35,0.0027395649617871836,5.4,0.3,15.951641777051934,0.7,True,gold,4.167220630704778,9.318188607495431,18.636377214990862
GRO J1655-40,1.26e+29,1.48e+36,0.004350382128159905,5.4,0.3,15.951641777051934,0.7,True,gold,3.427249139253837,7.663562051199223,15.327124102398447
GRO J1655-40,1.24e+29,1.2999999999999998e+35,0.00038212815990593764,5.4,0.3,15.951641777051934,0.7,True,gold,6.259976862149856,13.99773380134291,27.99546760268582
GRO J1655-40,6.76e+28,7.55e+35,0.00221928277483833,5.4,0.3,15.951641777051934,0.7,True,gold,3.255222326185731,7.278898403226289,14.557796806452577
GX 339-4,2.427485e+30,6.289781000000001e+36,0.016921659940812486,5.9,3.6,17.428645645297486,0.95,True,gold,3.2803847120557865,7.3351632085078124,14.670326417015625
GX 339-4,2.324106e+30,6.232471000000001e+36,0.01676747645951036,5.9,3.6,17.428645645297486,0.95,True,gold,3.2452009917575477,7.256490018219613,14.512980036439226
GX 339-4,1.818699e+30,6.332764e+36,0.017037298896959915,5.9,3.6,17.428645645297486,0.95,True,gold,2.9524909434968727,6.601970452611499,13.203940905222998
GX 339-4,1.118021e+30,2.9371420000000003e+36,0.007901915523271456,5.9,3.6,17.428645645297486,0.95,True,gold,3.442512642221369,7.697692281409394,15.395384562818789
GX 339-4,4.78605e+29,1.031581e+36,0.00277530535377993,5.9,3.6,17.428645645297486,0.95,True,gold,3.3146047422327234,7.411681522175537,14.823363044351074
GX 339-4,5.360376e+28,5.630715e+34,0.00015148547215496368,5.9,3.6,17.428645645297486,0.95,True,gold,3.1666246262427484,7.08078792350365,14.1615758470073
GX 339-4,2.592125e+30,3.275271e+37,0.08811598062953996,5.9,3.6,17.428645645297486,0.95,True,gold,1.471219688388205,3.2897472330720845,6.579494466144169
GX 339-4,3.212397e+30,4.388518999999999e+37,0.11806615550174872,5.9,3.6,17.428645645297486,0.95,True,gold,1.3709664927025613,3.0655742725573965,6.131148545114793
GX 339-4,5.0502400000000006e+30,7.716802e+37,0.20760834005918752,5.9,3.6,17.428645645297486,0.95,True,gold,1.2128693631707759,2.712058343876735,5.42411668775347
GX 339-4,2.2973039999999997e+29,2.6649189999999996e+35,0.0007169542641915522,5.9,3.6,17.428645645297486,0.95,True,gold,3.588256539505384,8.023585543042199,16.047171086084397
GX 339-4,4.862627e+29,1.073131e+36,0.0028870890503093897,5.9,3.6,17.428645645297486,0.95,True,gold,3.300482812948099,7.380103928321674,14.760207856643348
GX 339-4,6.777046999999999e+29,3.381295e+36,0.009096838848533764,5.9,3.6,17.428645645297486,0.95,True,gold,2.785179964176694,6.227851729469517,12.455703458939034
GX 339-4,1.818699e+30,1.299506e+37,0.03496115146623621,5.9,3.6,17.428645645297486,0.95,True,gold,2.061085848648787,4.608728065041531,9.217456130083063
GX 339-4,1.883789e+30,1.368278e+37,0.036811353241861716,5.9,3.6,17.428645645297486,0.95,True,gold,2.0337050631692857,4.547502767432027,9.095005534864054
GX 339-4,1.971853e+30,1.42129e+37,0.038237557169760565,5.9,3.6,17.428645645297486,0.95,True,gold,2.0278552385261057,4.534422161873422,9.068844323746845
GX 339-4,1.97951e+30,1.4413489999999998e+37,0.03877721280602636,5.9,3.6,17.428645645297486,0.95,True,gold,2.0164515044791242,4.508922637347044,9.017845274694087
GX 339-4,1.665545e+30,5.37282e+36,0.014454721549636805,5.9,3.6,17.428645645297486,0.95,True,gold,3.1074214153876354,6.948405519545364,13.896811039090728
GX 339-4,1.680861e+30,3.968723e+36,0.010677220877051386,5.9,3.6,17.428645645297486,0.95,True,gold,3.627262606427247,8.11080576021439,16.22161152042878
GX 339-4,1.175454e+30,2.650591e+36,0.007130995426419155,5.9,3.6,17.428645645297486,0.95,True,gold,3.595005625026617,8.038676957053635,16.07735391410727
GX 339-4,1.102706e+30,2.364041e+36,0.006360078019908529,5.9,3.6,17.428645645297486,0.95,True,gold,3.61683612793692,8.08749144554408,16.17498289108816
GX 339-4,9.686965999999999e+29,2.249421e+36,0.006051711057304278,5.9,3.6,17.428645645297486,0.95,True,gold,3.4983576291434493,7.822565468369752,15.645130936739504
GX 339-4,6.623894e+29,1.67632e+36,0.0045098735539413504,5.9,3.6,17.428645645297486,0.95,True,gold,3.2925403472456534,7.362344035102044,14.724688070204088
GX 339-4,7.159930999999999e+29,1.7909399999999998e+36,0.004818240516545601,5.9,3.6,17.428645645297486,0.95,True,gold,3.32872477679538,7.443254879302284,14.886509758604568
GX 339-4,5.436952999999999e+29,1.3754420000000002e+36,0.003700408931934356,5.9,3.6,17.428645645297486,0.95,True,gold,3.226579050224257,7.214850091078147,14.429700182156294
GX 339-4,4.135147e+29,1.045909e+36,0.0028138525692762983,5.9,3.6,17.428645645297486,0.95,True,gold,3.137091486573506,7.014749815614227,14.029499631228454
GX 339-4,1.4166709999999998e+29,3.152054e+35,0.0008480102232983589,5.9,3.6,17.428645645297486,0.95,True,gold,2.901057019792012,6.486960702857892,12.973921405715783
GX 339-4,7.466238e+30,7.857211999999999e+37,0.21138584880279795,5.9,3.6,17.428645645297486,0.95,True,gold,1.3798258760820006,3.0853844560325543,6.170768912065109
GX 339-4,8.385160000000001e+30,8.138031e+37,0.2189408393866021,5.9,3.6,17.428645645297486,0.95,True,gold,1.4125064757194838,3.1584604983674223,6.3169209967348445
GX 339-4,1.661717e+30,3.008779e+36,0.008094643529728275,5.9,3.6,17.428645645297486,0.95,True,gold,3.9355269470184444,8.800105780815455,17.60021156163091
GX 339-4,1.006985e+30,2.192111e+36,0.005897527576002152,5.9,3.6,17.428645645297486,0.95,True,gold,3.5695058642252495,7.981657758491793,15.963315516983586
GX 339-4,6.777046999999999e+29,1.833923e+36,0.004933879472693032,5.9,3.6,17.428645645297486,0.95,True,gold,3.2454786281024,7.257110831959727,14.514221663919454
GX 339-4,6.47074e+29,1.805268e+36,0.004856787732041969,5.9,3.6,17.428645645297486,0.95,True,gold,3.205525507893743,7.167772939259947,14.335545878519895
GX 339-4,6.509028e+29,1.90556e+36,0.005126607479149852,5.9,3.6,17.428645645297486,0.95,True,gold,3.169080735870021,7.0862799515904245,14.172559903180849
GX 339-4,6.509028e+29,2.593281e+36,0.00697681194511703,5.9,3.6,17.428645645297486,0.95,True,gold,2.934111177953645,6.560872047446333,13.121744094892666
GX 339-4,9.036063e+29,3.5818799999999996e+36,0.009636481033091202,5.9,3.6,17.428645645297486,0.95,True,gold,3.038731306732933,6.7948097672116035,13.589619534423207
GX 339-4,1.263517e+30,5.2582000000000005e+36,0.014146354587032554,5.9,3.6,17.428645645297486,0.95,True,gold,2.8493023256048797,6.371233688500751,12.742467377001502
GX 339-4,2.105862e+29,3.58188e+35,0.0009636481033091203,5.9,3.6,17.428645645297486,0.95,True,gold,3.2317636452281033,7.226443197942553,14.452886395885105
GX 339-4,2.2590159999999997e+29,3.58188e+35,0.0009636481033091203,5.9,3.6,17.428645645297486,0.95,True,gold,3.3128407188989666,7.407737046087362,14.815474092174725
GX 339-4,2.6801879999999998e+29,3.9400679999999996e+35,0.0010600129136400323,5.9,3.6,17.428645645297486,0.95,True,gold,3.436029135321887,7.683194719249563,15.366389438499127
GX 339-4,2.9482069999999997e+29,1.0229850000000001e+36,0.0027521791767554484,5.9,3.6,17.428645645297486,0.95,True,gold,2.799462433420231,6.259788301584616,12.519576603169233
GX 339-4,4.135147e+29,1.253658e+36,0.003372768361581921,5.9,3.6,17.428645645297486,0.95,True,gold,2.998167485924568,6.704106306456979,13.408212612913958
GX 339-4,4.6328969999999995e+29,1.67632e+36,0.0045098735539413504,5.9,3.6,17.428645645297486,0.95,True,gold,2.9022391830640015,6.489604100294564,12.979208200589127
GX 339-4,4.211724e+29,1.229301e+36,0.0033072397094430993,5.9,3.6,17.428645645297486,0.95,True,gold,3.032485069441853,6.780842756025153,13.561685512050307
GX 339-4,2.6419e+29,6.504693999999999e+35,0.0017499849340866288,5.9,3.6,17.428645645297486,0.95,True,gold,3.01592516451235,6.743813682901851,13.487627365803702
GX 339-4,3.292803e+29,2.3783679999999998e+35,0.0006398622545063223,5.9,3.6,17.428645645297486,0.95,True,gold,4.191950232714375,9.373485678645407,18.746971357290814
GX 339-4,8.500024999999999e+29,2.879832e+36,0.007747732041969331,5.9,3.6,17.428645645297486,0.95,True,gold,3.140541152386263,7.02246350287121,14.04492700574242
GX 339-4,1.945051e+30,8.625167e+36,0.02320464622006995,5.9,3.6,17.428645645297486,0.95,True,gold,2.5905788890396475,5.792710496968537,11.585420993937074
GX 339-4,2.3623939999999998e+30,1.1863189999999999e+37,0.03191603443637342,5.9,3.6,17.428645645297486,0.95,True,gold,2.3657867853554655,5.290060072325525,10.58012014465105
GX 339-4,2.764423e+30,2.014449e+37,0.0541955609362389,5.9,3.6,17.428645645297486,0.95,True,gold,1.9190540477828928,4.291135303338678,8.582270606677357
GX 339-4,3.453614e+30,2.351146e+37,0.06325386064030132,5.9,3.6,17.428645645297486,0.95,True,gold,1.9215165144787034,4.29664154626284,8.59328309252568
GX 339-4,3.154964e+30,2.362608e+37,0.06356222760290557,5.9,3.6,17.428645645297486,0.95,True,gold,1.8566274710255148,4.151545234106573,8.303090468213146
GX 339-4,3.897759e+30,2.866937e+37,0.07713040086090933,5.9,3.6,17.428645645297486,0.95,True,gold,1.8160123352194233,4.060727029528767,8.121454059057534
GX 339-4,4.154292e+30,3.13916e+37,0.08445412967446866,5.9,3.6,17.428645645297486,0.95,True,gold,1.7749710475294012,3.968955920369751,7.937911840739502
GX 339-4,5.268484e+30,4.0346300000000003e+37,0.10854533225719667,5.9,3.6,17.428645645297486,0.95,True,gold,1.702611901405244,3.807155950842296,7.614311901684592
GX 339-4,5.957675e+30,4.740976e+37,0.12754845305353782,5.9,3.6,17.428645645297486,0.95,True,gold,1.6403162066779042,3.6678585427263886,7.335717085452777
GX 339-4,7.458581e+30,5.447323e+37,0.14655160075329565,5.9,3.6,17.428645645297486,0.95,True,gold,1.6565695704214567,3.704202168920003,7.408404337840006
GX 339-4,8.683810000000001e+30,5.812675e+37,0.15638081786386873,5.9,3.6,17.428645645297486,0.95,True,gold,1.6921015964705703,3.7836541945441136,7.567308389088227
GX 339-4,8.404304e+30,6.173728e+37,0.16609437718590261,5.9,3.6,17.428645645297486,0.95,True,gold,1.6230276718644292,3.629200203652086,7.258400407304172
GX 339-4,7.213535e+30,6.355688e+37,0.17098972289480766,5.9,3.6,17.428645645297486,0.95,True,gold,1.5156518859096795,3.389100647119799,6.778201294239598
GX 339-4,8.270295e+30,6.334197e+37,0.17041154156577884,5.9,3.6,17.428645645297486,0.95,True,gold,1.5932726170516616,3.562665878416506,7.125331756833012
GX 339-4,8.090339e+30,6.483203e+37,0.17442031207963413,5.9,3.6,17.428645645297486,0.95,True,gold,1.5626760850874777,3.4942499530688456,6.988499906137691
GX 339-4,8.155430000000001e+30,7.011888e+37,0.18864374495560937,5.9,3.6,17.428645645297486,0.95,True,gold,1.506865803082459,3.3694543686621903,6.738908737324381
GX 339-4,1.703834e+30,4.627789e+36,0.012450333602367502,5.9,3.6,17.428645645297486,0.95,True,gold,3.375191165361112,7.547156882804179,15.094313765608359
GX 339-4,1.558338e+30,3.710828e+36,0.009983395211191822,5.9,3.6,17.428645645297486,0.95,True,gold,3.650793936471924,8.163423413795272,16.326846827590543
GX 339-4,1.474103e+30,2.9084870000000003e+36,0.007824823782620394,5.9,3.6,17.428645645297486,0.95,True,gold,3.8047000342975363,8.507567910685072,17.015135821370144
GX 339-4,1.267346e+30,2.02018e+36,0.005434974441754103,5.9,3.6,17.428645645297486,0.95,True,gold,3.951165572455296,8.835074810366914,17.670149620733827
GX 339-4,9.725254e+29,1.384038e+36,0.0037235351089588377,5.9,3.6,17.428645645297486,0.95,True,gold,3.9554831424987307,8.84472919048165,17.6894583809633
GX 339-4,6.70047e+29,1.088892e+36,0.002929491525423729,5.9,3.6,17.428645645297486,0.95,True,gold,3.682442549585375,8.234191864110539,16.468383728221077
GX 339-4,5.0540689999999996e+29,8.739786999999999e+35,0.00235130131826742,5.9,3.6,17.428645645297486,0.95,True,gold,3.521959406811623,7.875340647625626,15.750681295251251
GX 339-4,4.250013e+29,7.16376e+35,0.0019272962066182405,5.9,3.6,17.428645645297486,0.95,True,gold,3.4818908853162562,7.785744709804073,15.571489419608145
GX 339-4,4.326589e+29,6.5906589999999995e+35,0.0017731124562819476,5.9,3.6,17.428645645297486,0.95,True,gold,3.5777121656195945,8.0000076062534,16.0000152125068
GX 339-4,2.412169e+29,3.438605e+35,0.0009251022329835888,5.9,3.6,17.428645645297486,0.95,True,gold,3.425212175831609,7.65900726251944,15.31801452503888
GX 339-4,2.3738809999999998e+29,2.2924029999999998e+35,0.0006167347323110035,5.9,3.6,17.428645645297486,0.95,True,gold,3.7692747615866846,8.428354592782142,16.856709185564284
GX 339-4,1.1486519999999999e+29,4.441531e+34,0.00011949235942964757,5.9,3.6,17.428645645297486,0.95,True,gold,4.397192039669284,9.83242031082147,19.66484062164294
GX 339-4,1.1486519999999999e+29,7.736861e+34,0.00020814799569545333,5.9,3.6,17.428645645297486,0.95,True,gold,3.8275194728898554,8.55859372658588,17.11718745317176
H1743-322,1.74978e+30,2.464333e+37,0.04889549603174603,8.0,2.0,23.632061891928796,0.2,True,silver,10.580631342100252,23.659010925801,47.318021851602
H1743-322,2.469602e+30,3.624863e+37,0.07192188492063492,8.0,2.0,23.632061891928796,0.2,True,silver,9.85214602953364,22.03006824629187,44.06013649258374
H1743-322,6.5052e+30,6.791244999999999e+37,0.13474692460317458,8.0,2.0,23.632061891928796,0.2,True,silver,10.131199969812217,22.65405182614393,45.30810365228786
H1743-322,8.350701e+30,8.969028e+37,0.17795690476190476,8.0,2.0,23.632061891928796,0.2,True,silver,9.628168933441307,21.52924023402641,43.05848046805282
H1743-322,7.439436999999999e+30,7.808498e+37,0.15493051587301587,8.0,2.0,23.632061891928796,0.2,True,silver,9.906518183156086,22.151648077874718,44.303296155749436
H1743-322,8.423448e+28,1.742226e+36,0.0034567976190476193,8.0,2.0,23.632061891928796,0.2,True,silver,10.458750411142132,23.386476879017682,46.772953758035364
H1743-322,1.1869399999999999e+29,3.9400679999999996e+35,0.0007817595238095238,8.0,2.0,23.632061891928796,0.2,True,silver,17.117748892591678,38.27645014560674,76.55290029121348
H1743-322,2.2590159999999997e+29,4.728082e+36,0.00938111507936508,8.0,2.0,23.632061891928796,0.2,True,silver,11.54237156972155,25.809527451458337,51.61905490291667
H1743-322,1.68469e+29,9.814351e+36,0.01947291865079365,8.0,2.0,23.632061891928796,0.2,True,silver,7.339706269086877,16.41208215255962,32.82416430511924
H1743-322,1.9909969999999997e+29,7.092122e+36,0.014071670634920635,8.0,2.0,23.632061891928796,0.2,True,silver,9.158565821086109,20.479175752354717,40.958351504709434
H1743-322,1.837843e+29,5.229545e+36,0.01037608134920635,8.0,2.0,23.632061891928796,0.2,True,silver,10.368468363848079,23.184600084120326,46.36920016824065
H1743-322,1.7229779999999998e+29,4.359005e+36,0.008648819444444445,8.0,2.0,23.632061891928796,0.2,True,silver,10.705318905253508,23.937820792960473,47.875641585920945
H1743-322,2.144151e+29,3.6678450000000003e+36,0.007277470238095239,8.0,2.0,23.632061891928796,0.2,True,silver,12.074371102603767,26.999114570981114,53.99822914196223
H1743-322,8.806333e+28,2.4929879999999997e+35,0.0004946404761904761,8.0,2.0,23.632061891928796,0.2,True,silver,17.273863216540203,38.62553238621707,77.25106477243413
H1743-322,8.040564e+28,1.6906469999999998e+35,0.0003354458333333333,8.0,2.0,23.632061891928796,0.2,True,silver,18.433681538421823,41.2189649954941,82.4379299909882
H1743-322,8.806333e+28,8.023410999999999e+34,0.0001591946626984127,8.0,2.0,23.632061891928796,0.2,True,silver,22.933997637070892,51.281977712310066,102.56395542462013
H1743-322,1.1869399999999999e+29,4.298256e+34,8.528285714285714e-05,8.0,2.0,23.632061891928796,0.2,True,silver,29.78513075851546,66.60157709476046,133.20315418952092
H1743-322,6.509028e+28,2.005853e+34,3.979867063492064e-05,8.0,2.0,23.632061891928796,0.2,True,silver,29.15150599458356,65.18474905038146,130.3694981007629
H1743-322,4.977492e+28,2.005853e+34,3.979867063492064e-05,8.0,2.0,23.632061891928796,0.2,True,silver,26.518037665083288,59.29613484902603,118.59226969805206
H1743-322,2.680188e+28,3.152054e+33,6.254075396825397e-06,8.0,2.0,23.632061891928796,0.2,True,silver,33.85175317620532,75.69482125953951,151.38964251907902
H1743-322,6.662181999999999e+29,1.5043900000000001e+37,0.02984900793650794,8.0,2.0,23.632061891928796,0.2,True,silver,9.630951446620625,21.535462122643658,43.070924245287316
H1743-322,9.725254e+29,1.647665e+37,0.03269176587301587,8.0,2.0,23.632061891928796,0.2,True,silver,10.517141202924849,23.517042658703872,47.034085317407744
H1743-322,9.304082e+29,1.7049749999999999e+37,0.033828869047619045,8.0,2.0,23.632061891928796,0.2,True,silver,10.178575581400446,22.75998691413084,45.51997382826168
H1743-322,9.11264e+29,1.7336300000000001e+37,0.034397420634920635,8.0,2.0,23.632061891928796,0.2,True,silver,10.020306118083257,22.406085635391197,44.81217127078239
H1743-322,3.59911e+29,9.642421e+36,0.0191317876984127,8.0,2.0,23.632061891928796,0.2,True,silver,9.679933056225437,21.644988331367376,43.28997666273475
H1743-322,3.59911e+29,8.610839999999999e+36,0.017085,8.0,2.0,23.632061891928796,0.2,True,silver,10.24336477906466,22.904859964315694,45.80971992863139
H1743-322,8.576601999999999e+29,1.96287e+37,0.03894583333333334,8.0,2.0,23.632061891928796,0.2,True,silver,9.21766360278539,20.611322409553747,41.222644819107494
H1743-322,1.045273e+30,2.378368e+37,0.047189841269841264,8.0,2.0,23.632061891928796,0.2,True,silver,8.97945240511484,20.07866597856076,40.15733195712152
H1743-322,2.266673e+29,7.564931e+36,0.01500978373015873,8.0,2.0,23.632061891928796,0.2,True,silver,9.28303780859695,20.75750357772346,41.51500715544692
H1743-322,2.0905469999999998e+29,7.264053e+36,0.014412803571428571,8.0,2.0,23.632061891928796,0.2,True,silver,9.206714054785193,20.586838475902415,41.17367695180483
H1743-322,1.5698239999999998e+29,6.891537e+36,0.013673684523809524,8.0,2.0,23.632061891928796,0.2,True,silver,8.543327642574683,19.103461362850016,38.20692272570003
H1743-322,1.2826609999999998e+29,5.014632e+36,0.009949666666666667,8.0,2.0,23.632061891928796,0.2,True,silver,9.314316155009719,20.8274440865262,41.6548881730524
H1743-322,2.2475289999999997e+29,4.040361e+36,0.008016589285714285,8.0,2.0,23.632061891928796,0.2,True,silver,11.983394191396082,26.795684013137766,53.59136802627553
H1743-322,2.415998e+29,2.034508e+36,0.004036722222222222,8.0,2.0,23.632061891928796,0.2,True,silver,14.593158791368442,32.63129506394851,65.26259012789701
H1743-322,7.313085e+28,1.088892e+35,0.00021605,8.0,2.0,23.632061891928796,0.2,True,silver,19.899534439328736,44.49671172693722,88.99342345387444
H1743-322,1.072075e+29,1.518717e+36,0.003013327380952381,8.0,2.0,23.632061891928796,0.2,True,silver,11.785610860425372,26.35342704027092,52.70685408054184
MAXI J1348-630,9.789888067696671e+28,2.1982730433825668e+36,0.003172111173712218,11.0,2.0,32.49408510140209,0.8,True,silver,1.941521358519826,4.341373737418071,8.682747474836143
MAXI J1348-630,1.7687972057964563e+29,1.1597188496585195e+37,0.016734759735332172,11.0,2.0,32.49408510140209,0.8,True,silver,1.387842656997192,3.1033105231196454,6.206621046239291
MAXI J1348-630,4.772555213650377e+29,1.9963319501584463e+37,0.02880709884788523,11.0,2.0,32.49408510140209,0.8,True,silver,1.501563123548317,3.357597216760952,6.715194433521904
MAXI J1348-630,6.210407455434776e+29,3.0464256349238724e+37,0.043959965871917354,11.0,2.0,32.49408510140209,0.8,True,silver,1.3339214570637232,2.982739054640052,5.965478109280104
MAXI J1348-630,9.963144460613197e+29,3.4041498572065995e+37,0.0491219315614228,11.0,2.0,32.49408510140209,0.8,True,silver,1.490979541865918,3.3339316086736863,6.667863217347373
MAXI J1348-630,9.228727149982036e+29,3.60609095043072e+37,0.052035944450659746,11.0,2.0,32.49408510140209,0.8,True,silver,1.4100053367040408,3.1528677815077146,6.305735563015429
MAXI J1348-630,3.837466217823079e+30,7.61606408730968e+37,0.10989991467979338,11.0,2.0,32.49408510140209,0.8,True,silver,1.6043904470671955,3.5875261020935274,7.175052204187055
MAXI J1348-630,1.647750814639875e+29,6.519812438378742e+36,0.009408098756679282,11.0,2.0,32.49408510140209,0.8,True,silver,1.7779055237753612,3.975517608734076,7.951035217468152
MAXI J1348-630,2.482681719889751e+29,5.1062247858098993e+36,0.007368289734213419,11.0,2.0,32.49408510140209,0.8,True,silver,2.1841196075507834,4.8838399134737145,9.767679826947429
MAXI J1348-630,1.1948806118847296e+29,1.8347790755791505e+36,0.002647588853649568,11.0,2.0,32.49408510140209,0.8,True,silver,2.1792776337181254,4.873012930838616,9.746025861677232
MAXI J1348-630,7.377616180944941e+28,1.5116733264205577e+36,0.0021813467913716564,11.0,2.0,32.49408510140209,0.8,True,silver,1.9294572103735723,4.31439748207242,8.62879496414484
MAXI J1348-630,2.1829887594054224e+28,5.2562381693478174e+35,0.0007584759263128165,11.0,2.0,32.49408510140209,0.8,True,silver,1.63483076160448,3.6555927146553704,7.311185429310741
MAXI J1348-630,1.125208272999323e+28,2.405983882127376e+35,0.00034718382137480176,11.0,2.0,32.49408510140209,0.8,True,silver,1.5730240124014352,3.517388621969081,7.034777243938162
MAXI J1348-630,1.9934111044098807e+28,1.1251003765343844e+35,0.00016235214668605837,11.0,2.0,32.49408510140209,0.8,True,silver,2.3276548370880277,5.204794443885029,10.409588887770058
MAXI J1348-630,9.336093410644536e+27,3.0175769073204264e+34,4.3543678316312075e-05,11.0,2.0,32.49408510140209,0.8,True,silver,2.474752686378667,5.533715234242917,11.067430468485833
MAXI J1348-630,4.633210535879565e+27,2.7117803947239007e+33,3.913103022689612e-06,11.0,2.0,32.49408510140209,0.8,True,silver,3.5297074214008584,7.892665734937816,15.785331469875633
MAXI J1348-630,4.4138553233272005e+27,8.885408101861294e+33,1.2821656712642562e-05,11.0,2.0,32.49408510140209,0.8,True,silver,2.5789840729612235,5.766783700030574,11.533567400061148
MAXI J1348-630,2.7659918537506566e+28,5.025448348520252e+35,0.0007251729218643943,11.0,2.0,32.49408510140209,0.8,True,silver,1.7973389942533045,4.018972169761493,8.037944339522985
MAXI J1348-630,1.5118897538133313e+29,3.9580454271927574e+36,0.005711465262904412,11.0,2.0,32.49408510140209,0.8,True,silver,1.953922578260029,4.369103707761077,8.738207415522155
MAXI J1348-630,1.1832915183338204e+29,4.263841939789284e+36,0.006152730071846009,11.0,2.0,32.49408510140209,0.8,True,silver,1.758993828697295,3.933229772969772,7.866459545939544
MAXI J1348-630,2.1807442071132385e+29,5.729357302044328e+36,0.008267470854320821,11.0,2.0,32.49408510140209,0.8,True,silver,2.02720923199045,4.5329776473457875,9.065955294691575
MAXI J1348-630,1.6024637943643604e+29,4.4427040509306474e+36,0.006410828356321281,11.0,2.0,32.49408510140209,0.8,True,silver,1.937688013294593,4.332802116913227,8.665604233826453
MAXI J1348-630,1.200143868078538e+29,4.177295756978946e+36,0.0060278438051644245,11.0,2.0,32.49408510140209,0.8,True,silver,1.7768812018751203,3.9732271553342957,7.946454310668591
MAXI J1348-630,1.3446761404883549e+29,3.4791565489755587e+36,0.005020427920599652,11.0,2.0,32.49408510140209,0.8,True,silver,1.9361700172536391,4.329407774576078,8.658815549152155
MAXI J1348-630,7.977482802379102e+28,2.5963854843101183e+36,0.0037465880004475018,11.0,2.0,32.49408510140209,0.8,True,silver,1.7325653922615805,3.874133992560482,7.748267985120964
MAXI J1348-630,5.782804127488779e+28,1.9444042404722444e+36,0.002805778124779574,11.0,2.0,32.49408510140209,0.8,True,silver,1.6625309443226075,3.717532206202269,7.435064412404538
MAXI J1348-630,3.866814808140088e+28,1.3847389249653965e+36,0.001998180266905334,11.0,2.0,32.49408510140209,0.8,True,silver,1.570129741749247,3.510916836045506,7.021833672091012
MAXI J1348-630,3.4395488201154003e+28,1.1135608854930063e+36,0.0016068699646363729,11.0,2.0,32.49408510140209,0.8,True,silver,1.5909308218701508,3.557429465201266,7.114858930402532
MAXI J1348-630,2.4350482440449738e+28,6.750602259206308e+35,0.0009741128801163504,11.0,2.0,32.49408510140209,0.8,True,silver,1.596081747660163,3.5689472854147906,7.137894570829581
MAXI J1348-630,1.5327914554789537e+28,5.637041373713301e+34,8.13425883652713e-05,11.0,2.0,32.49408510140209,0.8,True,silver,2.5216112442204888,5.638494154904836,11.276988309809672
MAXI J1348-630,4.842227552535784e+27,4.1138285562513645e+33,5.936260542931262e-06,11.0,2.0,32.49408510140209,0.8,True,silver,3.230384799732425,7.223360005683747,14.446720011367495
MAXI J1348-630,1.6512344315841452e+28,3.888808480944488e+34,5.611556249559147e-05,11.0,2.0,32.49408510140209,0.8,True,silver,2.8405069582975457,6.3515666493144725,12.703133298628945
MAXI J1348-630,1.5723710384774647e+28,1.182797831741276e+34,1.7067789779816393e-05,11.0,2.0,32.49408510140209,0.8,True,silver,3.7594218433553257,8.406322797840074,16.81264559568015
MAXI J1348-630,5.713131788603372e+27,3.4041498572066e+33,4.912193156142281e-06,11.0,2.0,32.49408510140209,0.8,True,silver,3.5905837930141393,8.02878944008865,16.0575788801773
MAXI J1348-630,3.971590886092912e+27,9.346987743516426e+32,1.3487716801611007e-06,11.0,2.0,32.49408510140209,0.8,True,silver,4.362811680632089,9.755543490923454,19.51108698184691
MAXI J1348-630,1.608954471590648e+27,1.142409613096452e+32,1.6484987201969006e-07,11.0,2.0,32.49408510140209,0.8,True,silver,5.36386059295275,11.993956907674681,23.987913815349362
MAXI J1348-630,7.489776430181251e+27,1.2116465593447215e+34,1.7484077335421667e-05,11.0,2.0,32.49408510140209,0.8,True,silver,2.87625393705281,6.431499323801485,12.86299864760297
MAXI J1348-630,6.061493483030407e+27,4.6561846351961455e+33,6.7188811474691864e-06,11.0,2.0,32.49408510140209,0.8,True,silver,3.3902535522788684,7.5808374038556865,15.161674807711373
MAXI J1348-630,2.91745672442455e+27,1.8463185666205286e+32,2.664240355873779e-07,11.0,2.0,32.49408510140209,0.8,True,silver,5.869183623548811,13.12389355468368,26.24778710936736
MAXI J1348-630,1.3620942252097063e+28,6.462114983171849e+34,9.324841245558225e-05,11.0,2.0,32.49408510140209,0.8,True,silver,2.337490661221093,5.226788015261295,10.45357603052259
MAXI J1348-630,5.225425416405524e+27,5.700508574440883e+33,8.225842098760294e-06,11.0,2.0,32.49408510140209,0.8,True,silver,3.0585208727732573,6.83906058212299,13.67812116424598
MAXI J1348-630,4.32730914052e+26,7.40258350304e+30,1.0681938676825397e-08,11.0,2.0,32.49408510140209,0.8,True,silver,6.687990460625402,14.954801302828528,29.909602605657057
MAXI J1659-152,1.883789e+30,1.837843e+37,0.05834422222222222,5.0,1.5,14.770038682455494,0.5,False,silver,4.741060989924268,10.60133465894311,21.20266931788622
MAXI J1659-152,3.8288400000000006e+30,3.6756869999999997e+37,0.11668847619047618,5.0,1.5,14.770038682455494,0.5,False,silver,4.306046418124368,9.62861250519557,19.25722501039114
MAXI J1659-152,3.101361e+28,6.355875e+34,0.0002017738095238095,5.0,1.5,14.770038682455494,0.5,False,silver,7.131727893067728,15.947028365930793,31.894056731861586
MAXI J1659-152,3.752263e+28,1.0720749999999998e+35,0.0003403412698412698,5.0,1.5,14.770038682455494,0.5,False,silver,6.693218416532558,14.966491367620302,29.932982735240603
MAXI J1659-152,3.905417e+28,4.441455e+34,0.00014099857142857143,5.0,1.5,14.770038682455494,0.5,False,silver,8.461396039705456,18.92025672932891,37.84051345865782
V404 Cyg,6.185314e+27,2.622533e+32,4.625278659611993e-07,9.0,0.6,26.586069628419896,0.92,True,gold,5.574970061351613,12.466012029708379,24.932024059416758
V404 Cyg,3.714076e+28,1.049391e+34,1.8507777777777778e-05,9.0,0.6,26.586069628419896,0.92,True,gold,4.173008620653644,9.331130946474183,18.662261892948365
V404 Cyg,1.5438089999999998e+29,8.960039999999999e+34,0.00015802539682539682,9.0,0.6,26.586069628419896,0.92,True,gold,4.036323198553136,9.025493051124194,18.050986102248388
V404 Cyg,2.025139e+29,1.3626449999999998e+35,0.0002403253968253968,9.0,0.6,26.586069628419896,0.92,True,gold,4.000053816114625,8.944392246489747,17.888784492979493
V404 Cyg,2.4819739999999998e+29,1.680425e+35,0.00029637125220458553,9.0,0.6,26.586069628419896,0.92,True,gold,4.078367898473617,9.11950785823997,18.23901571647994
V404 Cyg,3.348383e+29,5.72311e+35,0.0010093668430335098,9.0,0.6,26.586069628419896,0.92,True,gold,3.3367901093390766,7.461289511131131,14.922579022262262
V404 Cyg,3.3487e+29,6.2036319999999996e+35,0.0010941149911816578,9.0,0.6,26.586069628419896,0.92,True,gold,3.2703174878480117,7.312652210834497,14.625304421668995
V404 Cyg,3.583952e+29,7.172512e+35,0.0012649932980599648,9.0,0.6,26.586069628419896,0.92,True,gold,3.230281765825768,7.223129614864473,14.446259229728946
V404 Cyg,3.3496529999999995e+29,7.901109e+35,0.0013934936507936507,9.0,0.6,26.586069628419896,0.92,True,gold,3.078740082697439,6.884272109964798,13.768544219929597
V404 Cyg,4.049277e+29,8.29271e+35,0.0014625590828924162,9.0,0.6,26.586069628419896,0.92,True,gold,3.252335880373192,7.272444114176082,14.544888228352164
V404 Cyg,4.7655609999999996e+29,1.1085290000000001e+36,0.001955077601410935,9.0,0.6,26.586069628419896,0.92,True,gold,3.2036759796679517,7.163637268420774,14.327274536841548
V404 Cyg,6.60003e+29,1.8274e+36,0.0032229276895943564,9.0,0.6,26.586069628419896,0.92,True,gold,3.171714426466248,7.092169062795288,14.184338125590576
V404 Cyg,5.2432869999999994e+29,2.045754e+36,0.003608031746031746,9.0,0.6,26.586069628419896,0.92,True,gold,2.842924883448015,6.356973294315429,12.713946588630858
V404 Cyg,6.088572e+29,3.061423e+36,0.005399335097001764,9.0,0.6,26.586069628419896,0.92,True,gold,2.7096172880876614,6.058888449172644,12.117776898345287
V404 Cyg,1.019141e+30,4.435962e+36,0.007823566137566138,9.0,0.6,26.586069628419896,0.92,True,gold,2.962111632065614,6.623482966241559,13.246965932483118
V404 Cyg,1.019296e+30,5.046732e+36,0.008900761904761904,9.0,0.6,26.586069628419896,0.92,True,gold,2.8682640239726958,6.413633335020034,12.827266670040068
V404 Cyg,1.0332939999999999e+30,5.470465e+36,0.009648086419753087,9.0,0.6,26.586069628419896,0.92,True,gold,2.824595763658137,6.315988136497524,12.631976272995049
V404 Cyg,1.572837e+30,6.746222e+36,0.011898098765432099,9.0,0.6,26.586069628419896,0.92,True,gold,2.97663370221406,6.655955302267505,13.31191060453501
V404 Cyg,2.177505e+30,8.186424000000001e+36,0.014438137566137568,9.0,0.6,26.586069628419896,0.92,True,gold,3.0308923607684948,6.777281351163172,13.554562702326344
V404 Cyg,9.52381e+27,3.7e+32,6.525573192239859e-07,9.0,0.6,26.586069628419896,0.92,True,gold,5.957044018443323,13.320355370197781,26.640710740395562
V404 Cyg,2.738095e+28,4.473415e+33,7.889620811287479e-06,9.0,0.6,26.586069628419896,0.92,True,gold,4.637603379747032,10.369996409797137,20.739992819594274
V404 Cyg,1.2500000000000001e+28,1.8321660000000001e+33,3.2313333333333337e-06,9.0,0.6,26.586069628419896,0.92,True,gold,4.395640213328638,9.82895032163451,19.65790064326902
V404 Cyg,1.964286e+28,2.451043e+33,4.322827160493827e-06,9.0,0.6,26.586069628419896,0.92,True,gold,4.794089035225939,10.719908972951584,21.43981794590317
V404 Cyg,2.440476e+28,2.349349e+33,4.14347266313933e-06,9.0,0.6,26.586069628419896,0.92,True,gold,5.230926827057963,11.696707970628893,23.393415941257786
V404 Cyg,2.738095e+28,4.732529e+33,8.346611992945327e-06,9.0,0.6,26.586069628419896,0.92,True,gold,4.572777606324219,10.225041573729726,20.450083147459452
V404 Cyg,3.095238e+28,8.197595e+33,1.445783950617284e-05,9.0,0.6,26.586069628419896,0.92,True,gold,4.162213264633164,9.306991796571076,18.61398359314215
XTE J1118+480,1.011442e+29,2.062842e+35,0.00043658031746031747,7.5,0.6,22.155058023683242,0.5,False,gold,7.286941682314139,16.29409694973109,32.58819389946218
XTE J1118+480,9.855076e+28,2.0977619999999997e+35,0.0004439707936507936,7.5,0.6,22.155058023683242,0.5,False,gold,7.190203798144444,16.077784464728154,32.15556892945631
XTE J1118+480,7.676585e+28,1.761429e+35,0.0003727892063492064,7.5,0.6,22.155058023683242,0.5,False,gold,6.8773749759432725,15.378277952965139,30.756555905930277
XTE J1118+480,6.863974e+28,1.049432e+35,0.00022210201058201056,7.5,0.6,22.155058023683242,0.5,False,gold,7.524889785557284,16.8261650836999,33.6523301673998
XTE J1118+480,4.737352e+28,7.0096939999999995e+34,0.00014835331216931218,7.5,0.6,22.155058023683242,0.5,False,gold,7.302579877509224,16.329065017232715,32.65813003446543
XTE J1118+480,4.114926e+28,4.528548999999999e+34,9.584230687830687e-05,7.5,0.6,22.155058023683242,0.5,False,gold,7.7503376221251985,17.330281771646025,34.66056354329205
XTE J1118+480,3.215867e+28,2.3267629999999998e+34,4.924366137566137e-05,7.5,0.6,22.155058023683242,0.5,False,gold,8.391412602270593,18.763769005925457,37.527538011850915
XTE J1118+480,6.915843e+27,6.983964e+33,1.4780876190476192e-05,7.5,0.6,22.155058023683242,0.5,False,gold,6.5906156345668965,14.737064572464494,29.474129144928988
XTE J1118+480,8.3e+25,4.2999999999999994e+30,9.1005291005291e-09,7.5,0.6,22.155058023683242,0.5,False,gold,8.783479498990618,19.640457238718817,39.28091447743763
XTE J1118+480,2.56e+29,3.2e+35,0.0006772486772486773,7.5,0.6,22.155058023683242,0.5,False,gold,9.06181324628348,20.262830418097906,40.52566083619581
XTE J1118+480,2.69e+29,2.0099999999999997e+35,0.00042539682539682536,7.5,0.6,22.155058023683242,0.5,False,gold,10.358483283011072,23.162272764607952,46.324545529215904
XTE J1118+480,2.53e+29,2.18e+35,0.00046137566137566136,7.5,0.6,22.155058023683242,0.5,False,gold,9.933027004243769,22.21092360383016,44.42184720766032
XTE J1118+480,2.48e+29,2.52e+35,0.0005333333333333334,7.5,0.6,22.155058023683242,0.5,False,gold,9.512310403849082,21.27017268608502,42.54034537217004
XTE J1118+480,1.38e+29,2.6499999999999997e+35,0.0005608465608465608,7.5,0.6,22.155058023683242,0.5,False,gold,7.637927459609025,17.07892500689806,34.15785001379612
XTE J1118+480,1.62e+29,2.87e+35,0.0006074074074074074,7.5,0.6,22.155058023683242,0.5,False,gold,7.923077610807512,17.71654012877222,35.43308025754444
XTE J1118+480,2.75e+29,2.9599999999999997e+35,0.0006264550264550264,7.5,0.6,22.155058023683242,0.5,False,gold,9.476622450019175,21.19037199534348,42.38074399068696
XTE J1118+480,2.64e+29,3.43e+35,0.0007259259259259259,7.5,0.6,22.155058023683242,0.5,False,gold,9.003176505827307,20.131714680458888,40.263429360917776
XTE J1118+480,2.38e+29,3.7199999999999995e+35,0.0007873015873015873,7.5,0.6,22.155058023683242,0.5,False,gold,8.5053401698873,19.01851879162761,38.03703758325522
XTE J1118+480,2.38e+29,4.0299999999999996e+35,0.0008529100529100529,7.5,0.6,22.155058023683242,0.5,False,gold,8.336834138373318,18.641727850543628,37.283455701087256
XTE J1118+480,1.62e+29,4.0299999999999996e+35,0.0008529100529100529,7.5,0.6,22.155058023683242,0.5,False,gold,7.2784369247901175,16.275079733775225,32.55015946755045
XTE J1118+480,2.56e+29,3.2e+35,0.0006772486772486773,7.5,0.6,22.155058023683242,0.5,False,gold,9.06181324628348,20.262830418097906,40.52566083619581
XTE J1550-564,3.74e+29,5.82e+36,0.010151753008895866,9.1,0.6,26.881470402069,0.34,True,gold,7.281441102207762,16.281797278697553,32.563594557395106
XTE J1752-223,5.092356999999999e+29,7.160401000000001e+36,0.011963911445279867,9.5,1.5,28.063073496665442,0.92,True,silver,1.940567910414356,4.3392417626412225,8.678483525282445
XTE J1752-223,1.6464009999999997e+29,1.228654e+36,0.002052888888888889,9.5,1.5,28.063073496665442,0.92,True,silver,2.116886866174177,4.73350293344196,9.46700586688392
XTE J1752-223,6.891912e+28,1.155943e+36,0.0019314001670843778,9.5,1.5,28.063073496665442,0.92,True,silver,1.5806657323762905,3.5344760272978757,7.068952054595751
XTE J1752-223,9.572101e+28,1.769031e+36,0.0029557744360902256,9.5,1.5,28.063073496665442,0.92,True,silver,1.5958553899989667,3.568441134297128,7.136882268594256
XTE J1752-223,2.8716299999999997e+28,4.224589e+33,7.058628237259817e-06,9.5,1.5,28.063073496665442,0.92,True,silver,4.719932894824686,10.554090802065366,21.10818160413073
XTE J1752-223,1.6599999999999998e+30,3.0799999999999997e+37,0.05146198830409356,9.5,1.5,28.063073496665442,0.92,True,silver,1.41986735995533,3.1749199358932807,6.349839871786561
XTE J1752-223,1.37e+30,3.03e+37,0.0506265664160401,9.5,1.5,28.063073496665442,0.92,True,silver,1.3377375875298798,2.9912721817733865,5.982544363546773
XTE J1752-223,1.41e+30,3.13e+37,0.05229741019214703,9.5,1.5,28.063073496665442,0.92,True,silver,1.3296315963523002,2.973146634475305,5.94629326895061
XTE J1752-223,1.44e+30,3.05e+37,0.050960735171261484,9.5,1.5,28.063073496665442,0.92,True,silver,1.3570025101323457,3.0343498582937727,6.068699716587545
XTE J1752-223,1.4899999999999998e+31,7.49e+37,0.12514619883040937,9.5,1.5,28.063073496665442,0.92,True,silver,1.9754350690731186,4.417207099584486,8.834414199168972
XTE J1752-223,2.24e+30,9.29e+36,0.015522138680033416,9.5,1.5,28.063073496665442,0.92,True,silver,2.873736982827364,6.425871243057132,12.851742486114263
XTE J1752-223,1.8599999999999998e+30,1.18e+37,0.019715956558061822,9.5,1.5,28.063073496665442,0.92,True,silver,2.3879165105880915,5.339543642269069,10.679087284538138
XTE J1752-223,1.8399999999999998e+30,1.14e+37,0.01904761904761905,9.5,1.5,28.063073496665442,0.92,True,silver,2.4201964230900836,5.411723720931269,10.823447441862537
XTE J1752-223,1.31e+30,1.23e+37,0.02055137844611529,9.5,1.5,28.063073496665442,0.92,True,silver,2.066689532055967,4.621258282064373,9.242516564128746
XTE J1752-223,1.6699999999999998e+30,1.1e+37,0.018379281537176273,9.5,1.5,28.063073496665442,0.92,True,silver,2.380934221144828,5.323930768435353,10.647861536870707
XTE J1752-223,1.38e+30,1.0499999999999999e+37,0.017543859649122806,9.5,1.5,28.063073496665442,0.92,True,silver,2.2783076383231937,5.094450752947666,10.188901505895332
XTE J1752-223,6.17e+29,7.31e+36,0.012213868003341687,9.5,1.5,28.063073496665442,0.92,True,silver,2.0552385482257436,4.595653103810743,9.191306207621485
XTE J1752-223,6.19e+29,6.99e+36,0.011679197994987468,9.5,1.5,28.063073496665442,0.92,True,silver,2.104158210772171,4.7050407947009045,9.410081589401809
XTE J1752-223,5.68e+29,6.71e+36,0.011211361737677526,9.5,1.5,28.063073496665442,0.92,True,silver,2.083416402193343,4.658660700742356,9.317321401484712
XTE J1752-223,7.35e+29,4.73e+36,0.007903091060985797,9.5,1.5,28.063073496665442,0.92,True,silver,2.5625001452677902,5.729924517171864,11.459849034343728
XTE J1752-223,8.22e+29,4.51e+36,0.007535505430242272,9.5,1.5,28.063073496665442,0.92,True,silver,2.6976307992871074,6.0320858454030635,12.064171690806127
XTE J1752-223,7.760000000000001e+29,4.2599999999999995e+36,0.007117794486215538,9.5,1.5,28.063073496665442,0.92,True,silver,2.681310780224671,5.995593173385363,11.991186346770727
XTE J1752-223,1.9300000000000002e+29,1.29e+36,0.0021553884711779446,9.5,1.5,28.063073496665442,0.92,True,silver,2.2119138921735186,4.945989823276127,9.891979646552254
XTE J1752-223,1.3e+29,1.24e+36,0.002071846282372598,9.5,1.5,28.063073496665442,0.92,True,silver,1.9430795934970067,4.344858056751965,8.68971611350393
XTE J1752-223,1.22e+29,1.73e+36,0.0028905597326649955,9.5,1.5,28.063073496665442,0.92,True,silver,1.7482322428055028,3.9091661353700218,7.8183322707400436
XTE J1752-223,1.06e+29,2.1099999999999997e+36,0.0035254803675856304,9.5,1.5,28.063073496665442,0.92,True,silver,1.583038872211511,3.5397825292895413,7.079565058579083
